id,title,year,budget,revenue
13997,Black Sheep,1996.0,0.0,32.0
51352,Anne Frank Remembered,1995.0,0.0,1.0
52038,A Man of No Importance,1994.0,0.0,953.0
2087,The Getaway,1994.0,0.0,30.0
46063,Last Dance,1996.0,0.0,5.0
57575,The Last Time I Saw Paris,1954.0,0.0,105.0
45019,Washington Square,1997.0,0.0,1.0
54007,Star Kid,1997.0,0.0,7.0
32284,Dream for an Insomniac,1996.0,0.0,24.0
17915,Dance with Me,1998.0,0.0,15.0
14785,Bandit Queen,1994.0,0.0,399.0
274253,Belizaire the Cajun,1986.0,0.0,1.0
25471,The King of Masks,1997.0,0.0,1.0
48781,Never Talk to Strangers,1995.0,6400000.0,6.0
10496,Bats,1999.0,0.0,10.0
108346,Dreaming of Joseph Lees,1999.0,2000000.0,7.0
276635,Experience Preferred...But Not Essential,1982.0,0.0,822.0
78248,Adanggaman,2000.0,0.0,28.0
17126,Satisfaction,1988.0,0.0,8.0
45864,Extreme Days,2001.0,0.0,1.0
140511,King of the Jungle,2000.0,0.0,27.0
19797,I Think I Do,1998.0,0.0,344.0
979,Irreversible,2002.0,0.0,792.0
70912,The Advocate,1993.0,0.0,667.0
10944,In the Cut,2003.0,12000000.0,23.0
14844,Chasing Liberty,2004.0,23000000.0,12.0
26710,My Baby's Daddy,2004.0,0.0,51.0
41965,Paperhouse,1988.0,0.0,241.0
631,Sunrise: A Song of Two Humans,1927.0,0.0,121.0
16219,Gladiator 1992,1992.0,0.0,9.0
22596,Safety Last!,1923.0,0.0,623.0
40894,Lover Come Back,1961.0,0.0,8.0
9256,Kops,2003.0,0.0,8.0
18475,The Cookout,2004.0,16000000.0,12.0
18196,The Sentinel,1977.0,0.0,3.0
38096,Last Summer,1969.0,0.0,3.0
9316,Ong-Bak: The Thai Warrior,2003.0,0.0,15.0
11658,Tae Guk Gi: The Brotherhood of War,2004.0,0.0,15.0
42229,A Special Day,1977.0,0.0,110.0
61340,Beyond the Gates of Splendor,2002.0,0.0,38.0
29966,Blood on the Moon,1948.0,0.0,88.0
41393,Zyzzyx Road,2006.0,2000000.0,30.0
266525,Alan & Naomi,1992.0,0.0,259.0
2196,Death at a Funeral,2007.0,9000000.0,46.0
44260,Lake of Fire,2006.0,0.0,25.0
45791,When Did You Last See Your Father?,2007.0,0.0,92.0
38140,To Rob a Thief,2007.0,4002313.0,6.0
14301,Dr. Horrible's Sing-Along Blog,2008.0,200000.0,3.0
161006,Praying With Lior,2008.0,0.0,82.0
98246,The Sun,2005.0,0.0,76.0
45576,Last Train Home,2009.0,0.0,288.0
47813,Waking Sleeping Beauty,2009.0,0.0,80.0
50641,The End of Poverty?,2008.0,1000000.0,57.0
52013,Marwencol,2010.0,0.0,58.0
141241,15,2005.0,0.0,28.0
56272,Elektra Luxx,2010.0,0.0,10.0
42481,The Goalie's Anxiety at the Penalty Kick,1972.0,410000.0,100.0
33927,Deadfall,1993.0,10000000.0,18.0
94204,Meeting Evil,2012.0,0.0,525.0
122080,Thy Womb,2012.0,0.0,306.0
39062,Coupe de Ville,1990.0,0.0,715.0
85525,The Day He Arrives,2011.0,0.0,11.0
45360,Dr. Bronner's Magic Soapbox,2007.0,0.0,18.0
156268,InAPPropriate Comedy,2013.0,0.0,228.0
78215,Into the White,2012.0,0.0,704.0
137563,A Band Called Death,2013.0,0.0,125.0
42587,Chariots of the Gods,1970.0,0.0,25.0
43938,Nice Guy Johnny,2010.0,0.0,25.0
192538,Hammer of the Gods,2013.0,0.0,641.0
139329,Back to 1942,2012.0,0.0,311.0
207768,I Spit on Your Grave 2,2013.0,0.0,809.0
74137,The Wedding Party,1969.0,0.0,43.0
228331,A Perfect Man,2013.0,5000000.0,388.0
169853,12 O’Clock Boys,2013.0,0.0,44.0
81828,My Summer Story,1994.0,0.0,70.0
25373,A Cry in the Wild,1990.0,0.0,1.0
61263,Illegal,2010.0,0.0,404.0
25251,Borsalino,1970.0,0.0,3.0
250761,Last Days in Vietnam,2014.0,0.0,161.0
103613,The Oldest Profession,1967.0,0.0,119.0
94236,Street Knight,1993.0,0.0,841.0
19386,He-Man and She-Ra: The Secret of the Sword,1985.0,0.0,7.0
13748,A Ticket to Space,2006.0,0.0,2.0
348528,This Is Not an Exit: The Fictional World of Bret Easton Ellis,1998.0,0.0,869.0
209049,Tiny Times,2013.0,0.0,79.0
211711,Tiny Times 2,2013.0,0.0,47.0
106417,Kaiji 2: The Ultimate Gambler,2011.0,0.0,15.0
91007,The Saint of Gamblers,1995.0,0.0,13.0
67810,Hard,1998.0,0.0,264.0
18017,Yolngu Boy,2001.0,0.0,671.0
237214,Duniyadari,2014.0,390000.0,3.0
118408,The Life of Guskou Budori,2012.0,0.0,2.0
362812,Chaahat Ek Nasha...,2005.0,0.0,140.0
20494,Malamaal Weekly,2006.0,0.0,204.0
114394,The Lonely Lady,1983.0,0.0,1.0
39764,Glass: A Portrait of Philip in Twelve Parts,2007.0,0.0,20.0
57186,Skinning,2010.0,500000.0,198.0
115893,"The Life and Death of 9413, a Hollywood Extra",1928.0,0.0,97.0
400411,Satanic,2016.0,0.0,252.0
147767,Khiladi 786,2012.0,0.0,126.0
413430,Miesten välisiä keskusteluja,2013.0,0.0,3.0
396109,Gary Gulman: It's About Time,2016.0,0.0,500.0
52623,Missing,2007.0,0.0,1.0
109080,Fist of the North Star: Legend of Raoh - Chapter of Death in Love,2006.0,0.0,862.0
410117,Lady Macbeth,2017.0,0.0,923.0
85548,Windwalker,1980.0,0.0,18.0
148331,Solovey-Razboynik,2012.0,0.0,5.0
269795,2:22,2017.0,0.0,422.0
280422,All at Once,2014.0,750000.0,3.0
