variable,n,mean,std,min,q1,median,q3,max,iqr,cv,skew,kurtosis
revenue,7276,70516005.147,147919745.916,1081.0,2998952.75,17725226.5,69625564.25,2787965087.0,66626611.5,2.098,5.078,41.838
budget,7276,25867731.686,38914697.268,2500.0,4500000.0,12000000.0,30000000.0,592000000.0,25500000.0,1.504,3.902,26.273
runtime,7276,108.174,20.68,25.0,94.0,104.0,118.0,338.0,24.0,0.191,1.641,6.93
year,7276,1999.665,15.415,1915.0,1992.0,2004.0,2011.0,2017.0,19.0,0.008,-1.708,3.859
cast_size,7276,21.576,18.947,0.0,11.0,16.0,25.0,313.0,14.0,0.878,3.65,23.863
crew_size,7276,25.167,30.291,0.0,8.0,15.0,29.0,435.0,21.0,1.204,2.944,14.143
n_keywords,7276,7.314,6.264,0.0,3.0,6.0,10.0,149.0,7.0,0.857,3.139,43.608
n_companies,7276,2.764,2.185,0.0,1.0,2.0,4.0,26.0,3.0,0.791,2.328,11.082
n_countries,7276,1.338,0.789,0.0,1.0,1.0,1.0,12.0,0.0,0.589,3.036,16.466
n_genres,7276,2.503,1.118,0.0,2.0,2.0,3.0,8.0,1.0,0.447,0.471,-0.065
n_spoken_languages,7276,1.45,0.892,0.0,1.0,1.0,2.0,9.0,1.0,0.615,2.537,8.697
n_writers,7276,2.235,1.649,0.0,1.0,2.0,3.0,23.0,2.0,0.738,2.861,17.623
n_producers,7276,3.189,3.029,0.0,1.0,3.0,5.0,26.0,4.0,0.95,1.62,4.266
cast_female_share,7276,0.329,0.182,0.0,0.2,0.32,0.444,1.0,0.244,0.553,0.551,0.724
budget (observed only),5346,32078570.242,43457672.789,2500.0,5815000.0,17000000.0,40000000.0,592000000.0,34185000.0,1.355,3.411,20.528
log_revenue,7276,16.235,2.527,6.986,14.914,16.69,18.059,21.749,3.145,0.156,-0.851,0.475
log_budget,7276,16.183,1.51,7.824,15.32,16.3,17.217,20.199,1.897,0.093,-0.722,1.394
