month,n,share,mean,median,q1,q3,std,iqr
12.0,688,0.0,97432919.0,37229344.0,8924398.0,119829174.0,188558210.0,110904776.0
7.0,562,0.0,93902331.0,32226737.0,6370310.0,111774600.0,156896296.0,105404290.0
6.0,581,0.0,124162470.0,32000000.0,4865000.0,153083102.0,212922218.0,148218102.0
11.0,534,0.0,97149894.0,27654714.0,3821336.0,102615006.0,182413875.0,98793670.0
3.0,554,0.0,68306900.0,18716000.0,3983808.0,72084006.0,134694707.0,68100197.0
2.0,507,0.0,53977983.0,18552460.0,3855386.0,59876069.0,99607281.0,56020684.0
8.0,648,0.0,47980756.0,16547238.0,3624913.0,55355922.0,83056665.0,51731009.0
4.0,553,0.0,64388983.0,15240456.0,2365467.0,57223890.0,173075386.0,54858423.0
5.0,577,0.0,99964692.0,14200000.0,1641825.0,83258226.0,192325659.0,81616401.0
10.0,686,0.0,48982916.0,13398946.0,2065320.0,50741853.0,106886127.0,48676532.0
1.0,495,0.0,32762224.0,10600497.0,1254356.0,41047883.0,55990960.0,39793527.0
9.0,891,0.0,33495343.0,8000000.0,992558.0,32930568.0,67772416.0,31938010.0
