genre,n,share,mean,median,q1,q3,std,iqr
Animation,378,0.0,179203625.0,68347060.0,11383037.0,268181763.0,242723047.0,256798726.0
Adventure,1108,0.0,181154032.0,64515789.0,15057454.0,229305893.0,272423434.0,214248439.0
Family,668,0.0,160450267.0,62409406.0,17046874.0,193001455.0,232771015.0,175954580.0
Fantasy,624,0.0,166565949.0,51635670.0,11314576.0,189989694.0,273757601.0,178675118.0
TV Movie,1,0.0,42000000.0,42000000.0,42000000.0,42000000.0,,0.0
Action,1717,0.0,117492747.0,36230219.0,8135031.0,126248813.0,212093384.0,118113782.0
Science Fiction,741,0.0,132055277.0,35841901.0,7000000.0,133949270.0,247430890.0,126949270.0
Thriller,1849,0.0,70569794.0,22490039.0,4706919.0,79567667.0,130725776.0,74860748.0
Crime,1072,0.0,59385939.0,22429055.0,4634638.0,67634600.0,105263696.0,62999962.0
War,240,0.0,66397741.0,21200782.0,5523294.0,85158114.0,105105449.0,79634821.0
History,290,0.0,51386886.0,20546223.0,4259330.0,62940128.0,80959376.0,58680798.0
Comedy,2570,0.0,65629587.0,20432443.0,4105687.0,71259979.0,119429809.0,67154292.0
Mystery,545,0.0,66212133.0,20000000.0,4627375.0,77712439.0,115111545.0,73085064.0
Horror,730,0.0,42271361.0,14934378.0,2416320.0,53896851.0,67533476.0,51480531.0
Romance,1413,0.0,53179184.0,14793385.0,2628241.0,51249404.0,111903917.0,48621163.0
Music,262,0.0,51607985.0,13812261.0,2996858.0,57254022.0,90566548.0,54257164.0
Drama,3611,0.0,44997605.0,12021272.0,1789627.0,44351672.0,94594375.0,42562044.0
Western,115,0.0,44543468.0,11087569.0,4303500.0,38593872.0,87054900.0,34290372.0
Unknown,18,0.0,10364480.0,1611365.0,357380.0,2623676.0,28075079.0,2266296.0
Foreign,73,0.0,5952529.0,1155000.0,302000.0,6000000.0,16492000.0,5698000.0
Documentary,204,0.0,7245639.0,437170.0,97046.0,3013862.0,19691105.0,2916816.0
