language,n,share,mean,median,q1,q3,std,iqr
en,6258,1.0,78649704.0,21515785.0,3905114.0,81563039.0,156980014.0,77657925.0
ja,87,0.0,41299082.0,18000000.0,2263157.0,50691739.0,63007422.0,48428582.0
hi,117,0.0,22950636.0,12000000.0,5000000.0,25034000.0,35868978.0,20034000.0
cn,41,0.0,23476238.0,8685526.0,2802459.0,30399676.0,33887762.0,27597217.0
ko,47,0.0,32396657.0,6502364.0,2266758.0,45529895.0,75328742.0,43263136.0
it,54,0.0,14719989.0,4893540.0,1260561.0,11692858.0,34800121.0,10432297.0
Other,231,0.0,24730035.0,4800080.0,531158.0,15649178.0,52953704.0,15118019.0
de,47,0.0,16216958.0,3200000.0,802454.0,16214696.0,27424333.0,15412242.0
ru,106,0.0,7509049.0,2650752.0,420430.0,9637375.0,11614196.0,9216946.0
es,95,0.0,11364666.0,2395000.0,663469.0,12548523.0,19192300.0,11885054.0
fr,193,0.0,15419030.0,1611000.0,126463.0,11875866.0,43128745.0,11749403.0
