decade,n,share,mean,median,q1,q3,std,iqr
2000,2210,0.0,78630900.0,26428996.0,4010988.0,89928042.0,149591997.0,85917055.0
1970,256,0.0,47088695.0,24648245.0,10900000.0,48051948.0,77138153.0,37151948.0
1990,1312,0.0,63741701.0,17657706.0,3879792.0,67032238.0,117066725.0,63152446.0
2010,2249,0.0,89827889.0,15240456.0,1261947.0,85978266.0,190057073.0,84716319.0
1980,882,0.0,36478028.0,14384542.0,4475092.0,38292267.0,69304246.0,33817176.0
1960,159,0.0,26462482.0,11744471.0,4525000.0,33301762.0,40697123.0,28776762.0
1910,4,0.0,6784341.0,8000000.0,6034341.0,8750000.0,4651513.0,2715659.0
1950,95,0.0,23149650.0,7000000.0,2019500.0,16285162.0,66831036.0,14265662.0
1940,51,0.0,15411126.0,5638000.0,2670500.0,11000000.0,39525407.0,8329500.0
1930,40,0.0,39980175.0,2673000.0,1435000.0,7722500.0,145311268.0,6287500.0
1920,18,0.0,33374513.0,1013878.0,669500.0,2500000.0,129286883.0,1830500.0
