feature,train_mean_raw,train_sd_raw,train_mean_scaled,train_sd_scaled,test_mean_scaled
log_budget,16.2006,1.4874,-0.0,1.0,-0.058
runtime,108.2987,20.7469,0.0,1.0,-0.03
year,1999.7399,15.2503,0.0,1.0,-0.0244
log_cast_size,2.887,0.6662,0.0,1.0,-0.008
log_crew_size,2.7818,0.9836,-0.0,1.0,-0.0144
n_keywords,7.361,6.3916,0.0,1.0,-0.0369
n_companies,2.7861,2.2016,0.0,1.0,-0.0507
n_countries,1.3442,0.7923,-0.0,1.0,-0.0365
n_genres,2.501,1.1246,0.0,1.0,0.0082
n_spoken_languages,1.4558,0.9034,0.0,1.0,-0.0347
cast_female_share,0.3268,0.1806,-0.0,1.0,0.0646
director_prior_films_log,1.25,0.9636,0.0,1.0,-0.0507
director_prior_mean_log_rev,16.7478,1.3263,0.0,1.0,-0.0281
cast_prior_films_log,1.8996,0.9659,0.0,1.0,-0.0402
cast_prior_mean_log_rev,16.6853,1.154,0.0,1.0,-0.012
cast_prior_max_log_rev,17.2315,1.2655,0.0,1.0,-0.0158
collection_prior_films,0.2655,1.2552,0.0,1.0,-0.0293
collection_prior_mean_log_rev,16.8384,0.7011,0.0,1.0,0.0027
