term,coef,se,t,p_value,ci_low,ci_high,se_HC3,p_value_HC3,effect_pct,unit,label
const,17.62646,0.19226,91.67929,0.0,17.24955,18.00336,0.21816,0.0,4519319616.2204,,Intercept
log_budget,0.83962,0.03526,23.80932,0.0,0.77049,0.90875,0.04063,0.0,131.54796,per +1 SD,Production budget
runtime,0.18868,0.02891,6.52565,0.0,0.132,0.24536,0.03112,0.0,20.76486,per +1 SD,Runtime
year,-0.31279,0.02882,-10.85424,0.0,-0.36928,-0.2563,0.03068,0.0,-26.85974,per +1 SD,Release year
log_cast_size,0.16897,0.02786,6.06587,0.0,0.11436,0.22358,0.02962,0.0,18.40859,per +1 SD,Cast size
log_crew_size,0.1707,0.02941,5.80451,0.0,0.11305,0.22835,0.03034,0.0,18.61335,per +1 SD,Crew size
n_keywords,0.17845,0.02469,7.22701,0.0,0.13004,0.22685,0.04803,0.0002,19.53581,per +1 SD,Number of keywords
n_countries,-0.06783,0.024,-2.82685,0.00472,-0.11488,-0.02079,0.02591,0.00885,-6.55846,per +1 SD,Number of countries
n_genres,0.42898,0.06251,6.8624,0.0,0.30643,0.55152,0.05959,0.0,53.56876,per +1 SD,Number of genres
n_spoken_languages,0.06656,0.02353,2.82842,0.00469,0.02043,0.1127,0.02226,0.00278,6.88286,per +1 SD,Number of spoken languages
director_prior_films_log,-0.10321,0.03215,-3.20984,0.00134,-0.16624,-0.04017,0.03198,0.00125,-9.80582,per +1 SD,Director experience (prior films)
director_prior_mean_log_rev,0.25937,0.02449,10.59135,0.0,0.21136,0.30738,0.02739,0.0,29.61152,per +1 SD,Director track record (past revenue)
cast_prior_mean_log_rev,0.10182,0.02387,4.2656,2e-05,0.05503,0.14862,0.02734,0.0002,10.71884,per +1 SD,Lead cast track record
collection_prior_mean_log_rev,0.2007,0.04001,5.0158,0.0,0.12226,0.27914,0.05914,0.00069,22.2261,per +1 SD,Earlier franchise films' revenue
is_sequel,-0.24654,0.25378,-0.97144,0.33137,-0.74405,0.25098,0.31765,0.43768,-21.84968,0 -> 1,Sequel / franchise follow-up
budget_missing,-1.26303,0.05525,-22.85917,0.0,-1.37135,-1.15472,0.06532,0.0,-71.72048,0 -> 1,Budget not reported
director_has_history,0.44215,0.06526,6.7751,0.0,0.31422,0.57009,0.06614,0.0,55.60526,0 -> 1,Director has track record
collection_has_rev_history,0.63647,0.26797,2.3751,0.01758,0.11114,1.1618,0.3311,0.05457,88.97945,0 -> 1,Franchise has revenue history
lang_en,0.27995,0.13257,2.11175,0.03475,0.02007,0.53984,0.17985,0.11957,32.307,0 -> 1,English-language film
g_Action,-0.39846,0.07555,-5.2744,0.0,-0.54656,-0.25036,0.07141,0.0,-32.86452,0 -> 1,Genre: Action
g_Adventure,-0.32513,0.09865,-3.29567,0.00099,-0.51852,-0.13173,0.09315,0.00048,-27.75644,0 -> 1,Genre: Adventure
g_Comedy,-0.27825,0.07516,-3.70214,0.00022,-0.42559,-0.13091,0.0734,0.00015,-24.28937,0 -> 1,Genre: Comedy
g_Crime,-0.35938,0.08749,-4.10744,4e-05,-0.5309,-0.18786,0.08443,2e-05,-30.18895,0 -> 1,Genre: Crime
g_Drama,-0.63192,0.07142,-8.84792,0.0,-0.77193,-0.49191,0.07149,0.0,-46.84308,0 -> 1,Genre: Drama
g_Fantasy,-0.38344,0.10825,-3.54215,0.0004,-0.59565,-0.17123,0.09929,0.00011,-31.84876,0 -> 1,Genre: Fantasy
g_History,-0.41742,0.1341,-3.11284,0.00186,-0.6803,-0.15454,0.13146,0.0015,-34.12564,0 -> 1,Genre: History
g_Horror,-0.36963,0.0951,-3.88689,0.0001,-0.55606,-0.18321,0.10299,0.00033,-30.90114,0 -> 1,Genre: Horror
g_Music,-0.50305,0.13827,-3.63806,0.00028,-0.77411,-0.23198,0.13201,0.00014,-39.5314,0 -> 1,Genre: Music
g_Mystery,-0.37221,0.10394,-3.58105,0.00035,-0.57598,-0.16845,0.10069,0.00022,-31.07934,0 -> 1,Genre: Mystery
g_Romance,-0.26,0.07775,-3.34395,0.00083,-0.41242,-0.10758,0.07596,0.00062,-22.89488,0 -> 1,Genre: Romance
g_Science_Fiction,-0.63055,0.09482,-6.6497,0.0,-0.81645,-0.44466,0.08731,0.0,-46.77031,0 -> 1,Genre: Science Fiction
g_Thriller,-0.50395,0.07946,-6.34216,0.0,-0.65972,-0.34818,0.07932,0.0,-39.58597,0 -> 1,Genre: Thriller
g_War,-0.71403,0.14429,-4.94856,0.0,-0.99689,-0.43117,0.15066,0.0,-51.03331,0 -> 1,Genre: War
g_Western,-0.81302,0.19904,-4.08463,4e-05,-1.20323,-0.42282,0.20264,6e-05,-55.64855,0 -> 1,Genre: Western
release_season=Sep-Oct,-0.26578,0.05517,-4.81755,0.0,-0.37393,-0.15763,0.05765,0.0,-23.33901,vs reference category,Release season: Sep-Oct
original_language=hi,1.3778,0.22592,6.09872,0.0,0.93492,1.82068,0.23218,0.0,296.61688,vs reference category,Original language: hi
original_language=ru,1.12024,0.23555,4.75583,0.0,0.65847,1.58201,0.24537,0.0,206.56031,vs reference category,Original language: ru
original_language=es,0.76609,0.23623,3.24305,0.00119,0.303,1.22919,0.26296,0.00358,115.13485,vs reference category,Original language: es
original_language=ja,1.47468,0.24659,5.98037,0.0,0.99128,1.95809,0.33653,1e-05,336.96456,vs reference category,Original language: ja
original_language=de,0.69449,0.30983,2.24153,0.02503,0.08711,1.30186,0.40735,0.08822,100.26801,vs reference category,Original language: de
original_language=ko,1.72863,0.31884,5.42161,0.0,1.10359,2.35368,0.42694,5e-05,463.29558,vs reference category,Original language: ko
original_language=zh,1.73319,0.32753,5.29175,0.0,1.09112,2.37527,0.46839,0.00022,465.86989,vs reference category,Original language: zh
original_language=Other,0.71773,0.1792,4.00515,6e-05,0.36643,1.06903,0.2275,0.00161,104.97783,vs reference category,Original language: Other
director_gender_cat=unknown,-0.27084,0.0605,-4.47686,1e-05,-0.38944,-0.15224,0.06883,8e-05,-23.72618,vs reference category,Director gender: unknown
director_gender_cat=female,-0.25694,0.11152,-2.30397,0.02126,-0.47556,-0.03832,0.11627,0.02711,-22.65851,vs reference category,Director gender: female
lead_gender_cat=unknown,-0.25976,0.09258,-2.80578,0.00504,-0.44125,-0.07827,0.11184,0.0202,-22.87607,vs reference category,Lead actor gender: unknown
lead_company=Unknown,-1.285,0.12173,-10.55652,0.0,-1.52362,-1.04637,0.14178,0.0,-72.33482,vs reference category,Lead production company: Unknown
lead_company=Warner Bros.,-0.30833,0.15331,-2.01113,0.04436,-0.60888,-0.00778,0.12835,0.0163,-26.53294,vs reference category,Lead production company: Warner Bros.
lead_company=Metro-Goldwyn-Mayer (MGM),-0.79714,0.19066,-4.18096,3e-05,-1.17091,-0.42338,0.14875,0.0,-54.93848,vs reference category,Lead production company: Metro-Goldwyn-Mayer (MGM)
lead_company=Other,-0.75584,0.05422,-13.94146,0.0,-0.86213,-0.64956,0.04613,0.0,-53.03859,vs reference category,Lead production company: Other
log_budget:is_sequel,-0.25724,0.1045,-2.46171,0.01386,-0.46209,-0.05239,0.10981,0.01915,-22.68164,extra effect per +1 SD for sequels,Production budget x Sequel / franchise follow-up
