model,fold,RMSE_log,MAE_log,R2_log,RMSE_usd,MAE_usd,MedianAE_usd,MedianAPE_pct,within_2x_pct
M1_OLS_budget_only,1,2.0745,1.5338,0.3141,152643159.1696,89422799.8613,47372442.757,213.4572,29.4674
M1_OLS_budget_only,2,2.0436,1.5256,0.3266,153729088.6332,91802499.0054,46589648.3975,228.8076,28.5223
M1_OLS_budget_only,3,1.9814,1.4702,0.3411,161715575.7851,84108422.5265,40643401.5608,208.737,30.3265
M1_OLS_budget_only,4,2.1782,1.5625,0.3347,159551309.3143,87367365.2635,46147313.0741,255.2817,27.7491
M1_OLS_budget_only,5,2.0671,1.5305,0.346,158731375.7836,83186487.8803,43176418.9016,242.4368,29.0378
M2_OLS_full,1,1.703,1.2653,0.5378,546197049.8134,148314358.0948,22493425.338,165.3286,31.2715
M2_OLS_full,2,1.6972,1.2719,0.5355,569696092.9649,133863123.8744,22713789.1443,149.3515,30.5842
M2_OLS_full,3,1.6925,1.2754,0.5193,430904807.9086,138313890.0706,26424886.6,163.951,29.7251
M2_OLS_full,4,1.8161,1.3501,0.5375,409339563.7506,114989572.2442,21038756.4908,143.3669,33.677
M2_OLS_full,5,8743649314.9296,256280901.3826,-1.1701166251224623e+19,456394472.7716,119512465.0054,20504412.5697,146.1121,32.8179
M3_OLS_interaction,1,1.7016,1.2651,0.5385,474610109.1345,140287203.4053,22976602.905,167.3777,31.701
M3_OLS_interaction,2,1.697,1.2701,0.5357,492782595.9322,128342938.58,23374000.1961,155.6386,31.0997
M3_OLS_interaction,3,1.6935,1.2699,0.5187,393090574.2184,134155383.7989,26972217.6394,167.0723,29.811
M3_OLS_interaction,4,1.8126,1.3281,0.5393,402127972.4647,115082964.1629,21203562.6138,142.4319,33.2474
M3_OLS_interaction,5,8618168621.2437,252602997.1085,-1.1367727710390368e+19,409971852.9349,115066205.7161,20553007.0094,150.6776,32.9897
M4_OLS_selected,1,1.6941,1.2552,0.5426,461836504.8257,138735571.35,23105017.1519,163.7718,31.701
M4_OLS_selected,2,1.6897,1.2511,0.5396,426321512.192,123486190.1079,23546270.7166,164.1144,31.3574
M4_OLS_selected,3,1.6924,1.265,0.5193,392176128.0586,132138844.7083,26663328.1526,171.3362,29.811
M4_OLS_selected,4,1.8032,1.3196,0.5441,386590490.2426,113163536.1619,21823643.1404,140.9139,33.4192
M4_OLS_selected,5,1.6571,1.2331,0.5797,416122012.4658,114998617.8936,21690970.8502,156.2244,32.3024
M5_GLM_Gamma_log,1,2.0226,1.393,0.348,120957000.1022,51016717.6191,18035819.3354,87.0357,40.9794
M5_GLM_Gamma_log,2,2.0254,1.3832,0.3386,87596350.5326,42702125.1732,16879799.2942,82.3407,41.4089
M5_GLM_Gamma_log,3,1.9546,1.3615,0.3589,101638999.0515,46721193.4813,17127752.2961,86.0563,40.1203
M5_GLM_Gamma_log,4,2.1732,1.454,0.3377,89797325.7498,42307249.388,16089427.7821,79.5348,42.5258
M5_GLM_Gamma_log,5,1.9977,1.3624,0.3892,94445412.9385,43576672.7149,16077299.4583,80.2865,41.6667
