title,year,revenue,budget,budget_missing,roi_outlier,cooks_d
Werckmeister Harmonies,2000.0,25461.0,2265234.50373,1,0,0.05996
ABCs of Death 2,2014.0,7171.0,23040431.09216,1,0,0.01333
Philadelphia Experiment II,1993.0,2970.0,5000000.0,0,1,0.01041
1911,2011.0,108348.0,30000000.0,0,0,0.00986
Violent Cop,1989.0,1960.0,2478926.39155,1,0,0.00895
The Red Baron,2008.0,40239.0,18000000.0,0,0,0.00886
The Idiots,1998.0,7235.0,2500000.0,0,0,0.00786
The Bullet Vanishes,2012.0,117629.0,12000000.0,0,0,0.00746
Carlos,2010.0,871279.0,18000000.0,0,0,0.00738
Major Dundee,1965.0,14873.0,3800000.0,0,0,0.0064
