collection_id,films,rev_films,mean_log_rev,last_year,name
415931.0,29,0,,1957,The Bowery Boys
421566.0,27,0,,1967,Totò Collection
96887.0,26,0,,1989,Zatôichi: The Blind Swordsman
645.0,26,26,19.091841436065735,2015,James Bond Collection
37261.0,25,0,,1992,The Carry On Collection
413661.0,21,0,,1946,Charlie Chan (Sidney Toler) Collection
34055.0,20,9,17.810866631268354,2015,Pokémon Collection
374509.0,16,0,,1975,Godzilla (Showa) Collection
38451.0,15,0,,1937,Charlie Chan (Warner Oland) Collection
425164.0,15,2,17.836733931492738,2015,Dragon Ball Z (Movie) Collection
148324.0,15,0,,2004,Uuno Turhapuro
224026.0,14,0,,2017,Monster High Collection
19163.0,14,1,18.2517986239958,2016,The Land Before Time Collection
69788.0,13,0,,2006,Sharpe Collection
479319.0,13,0,,2008,George Carlin Comedy Collection
478628.0,12,0,,1946,Sherlock Holmes (1939 series)
9735.0,12,12,17.213388894391432,2009,Friday the 13th Collection
397842.0,12,4,17.194568311536358,2017,The Amityville Horror Collection
24717.0,12,0,,2013,Johan Falk GSI Collection
41658.0,10,0,,1999,Fantozzi Collection
188138.0,10,0,,1984,Il Maresciallo Giraldi Collection
107949.0,10,0,,2012,Puppet Master Collection
25542.0,10,0,,2016,An American Girl Collection
97919.0,10,0,,2011,The Love Comes Softly Collection
458017.0,10,0,,2015,Tom and Jerry Collection
8917.0,10,4,16.443867121249262,2015,Hellraiser Collection
113589.0,9,0,,2016,The Hire
23240.0,9,0,,2013,The Garden of Sinners
330555.0,9,2,17.063908726915095,1998,Ernest Collection
123724.0,9,2,13.007529579088038,1974,Dracula (Hammer Series)
53043.0,9,0,,1974,The Magick Lantern Cycle
59235.0,9,0,,2015,Jesse Stone Collection
94039.0,9,0,,2014,Asterix and Obelix (Animation) Collection
937.0,9,8,16.397699817392027,1993,The Pink Panther (Original) Collection
115225.0,9,2,16.106634306543356,2011,Children of the Corn Collection
101646.0,8,0,,2012,Vares Collection
1241.0,8,8,20.675016714773598,2011,Harry Potter Collection
418326.0,8,0,,2016,"Signed, Sealed, Delivered"
91361.0,8,8,17.04556367089089,2002,Halloween Collection
95051.0,8,1,12.3803326283129,2012,The Up Series
9485.0,8,8,19.979134873599293,2017,The Fast and the Furious Collection
10.0,8,8,20.55793826308926,2016,Star Wars Collection
161766.0,8,0,,2006,Gamera Films
63170.0,8,0,,2000,Jönsson Gang
8581.0,8,8,17.443270581002704,2010,A Nightmare on Elm Street Collection
65249.0,8,0,,1946,Tarzan (Johnny Weissmuller series)
174218.0,7,1,16.705098286367402,2011,The Howling Collection
10441.0,7,0,,2007,Babylon 5 Collection
269098.0,7,3,17.316253944144705,2013,Police Story Collection
89959.0,7,0,,1939,Mr. Moto Collection
91657.0,7,0,,2013,Disney Buddies Collection
135441.0,7,0,,1962,Road to Collection
227140.0,7,0,,1983,Black Emanuelle Collection
9338.0,7,7,16.595757619254847,1994,Police Academy Collection
1972.0,7,0,,2014,Ju-on Collection
168880.0,7,2,18.697825573210046,2014,Beethoven Collection
33071.0,7,4,17.12858518288741,1985,Cheech & Chong Collection
1575.0,7,7,19.009634868338853,2015,Rocky Collection
374511.0,7,1,15.226497531674536,1995,Godzilla (Heisei) Collection
656.0,7,7,18.612833126736025,2010,Saw Collection
158365.0,7,0,,1945,Why We Fight
2704.0,7,0,,2002,The Bible Collection
256377.0,7,6,17.726506007655054,2014,The Muppet Collection
17178.0,7,4,18.374902694433068,2014,Jackass Collection
374512.0,6,1,16.121827678272997,2004,Godzilla (Millennium) Collection
122776.0,6,4,15.938267278830512,2016,Kvartet I Collection
256296.0,6,2,10.766658531482008,2012,"Silent Night, Deadly Night Collection"
47814.0,6,1,14.16827787707199,1947,The Thin Man Collection
41437.0,6,6,18.740190023506393,2015,Paranormal Activity Collection
109079.0,6,0,,2014,Saint Seiya Collection
338327.0,6,0,,1965,Beach Party Collection
303969.0,6,0,,1981,"Martin Scorsese’s World Cinema Project, Vol. 1"
39438.0,6,0,,1988,Emmanuelle Collection
145901.0,6,0,,2014,Lupin the Third Collection
245326.0,6,0,,2013,The Fjällbacka Murders
10455.0,6,5,17.32078038887715,2013,Child's Play Collection
10517.0,6,0,,1982,Le Gendarme de St. Tropez Collection
14246.0,6,1,16.759668076471748,2016,Sniper Collection
10713.0,6,3,14.672932880220317,2012,Universal Soldier Collection
97237.0,6,0,,1999,Faces of Death Collection
52985.0,6,1,17.170684070731653,2014,Wrong Turn Collection
261590.0,6,5,17.10751372647423,2010,Living Dead Collection
174245.0,6,1,17.28607997922007,1997,Alien Nation Collection
19285.0,6,2,15.296701881096698,2003,Leprechaun Collection (Original Series)
111751.0,6,5,15.702855841919398,2017,Texas Chainsaw Massacre Collection
12087.0,6,1,18.0051956631661,2005,Herbie Collection
17255.0,6,6,19.053355285531925,2016,Resident Evil Collection
112537.0,6,2,15.699822114335356,2011,Sällskapsresorna
45355.0,6,0,,2012,Kevin Smith: Silent Bob Speaks!
196753.0,6,1,11.524883679664894,2015,Ghost in the Shell: Arise
123720.0,6,0,,1973,Frankenstein (Hammer Series)
748.0,6,6,19.91820763336602,2016,X-Men Collection
86066.0,6,4,20.604788024025353,2017,Despicable Me Collection
529.0,6,1,19.07536165309628,2008,Wallace & Gromit Collection
102940.0,6,0,,2011,Break Blade Collection
315595.0,6,1,16.826131444012017,2014,Tinker Bell Collection
102128.0,6,0,,1974,Lone Wolf and Cub Collection
427627.0,6,0,,1969,Outlaw Gangster VIP: The Complete Collection
280539.0,6,0,,1951,Lassie (Kinofilme)
101385.0,6,1,15.159290607986984,2014,Trailer Park Boys Collection
105322.0,6,2,15.271188918306112,2016,Kickboxer Collection
151.0,6,6,18.430244892000616,1991,Star Trek: The Original Series Collection
97445.0,5,2,16.548763743728667,2003,Air Bud Collection
2248.0,5,1,16.272734468769702,2014,Torrente Collection
259401.0,5,1,13.854731271117556,1944,The Invisible Man (Universal Series)
107465.0,5,1,16.941043103410745,2016,Six Degrees of Celebration Collection
2150.0,5,4,20.394003570020814,2010,Shrek Collection
192492.0,5,5,18.822865874048603,2014,The Jack Ryan Collection
2326.0,5,5,18.467534020704186,2016,Underworld Collection
148320.0,5,0,,1997,Vääpeli Körmy - Collection
107462.0,5,0,,2007,Osobennosti Natsionalnoy ... - Collection
393290.0,5,0,,1970,Sartana Collection
97768.0,5,1,17.856285799017343,2015,Lake Placid Collection
386162.0,5,0,,2016,LEGO DC Comics Super Heroes Collection
101471.0,5,3,14.469092615271839,2005,Return of the Living Dead Collection
14377.0,5,4,16.380441391797284,1994,Death Wish Collection
123255.0,5,3,15.940802105002577,2008,Prom Night Collection
31562.0,5,5,19.570695629786606,2016,The Bourne Collection
114374.0,5,0,,2008,Fist of the North Star: The Legends of the True Savior
528.0,5,5,19.55469654056956,2015,The Terminator Collection
47391.0,5,0,,2008,Sleepaway Camp Collection
47770.0,5,2,16.050244396748884,2016,Phantasm Collection
295.0,5,5,20.606261844817528,2017,Pirates of the Caribbean Collection
103291.0,5,0,,1998,Subspecies Collection
425189.0,5,0,,2011,Dragon Ball Z OVA Collection
115142.0,5,1,15.538277155705378,2002,Tales from the Crypt Collection
304809.0,5,0,,1973,Schoolgirl Report Collection
1709.0,5,5,16.499179137987284,1973,Planet of the Apes Original Collection
199629.0,5,0,,1994,Hercules TV Movies
33514.0,5,5,20.290574108951326,2012,The Twilight Collection
87359.0,5,5,20.112435274763854,2015,Mission: Impossible Collection
1570.0,5,5,19.415388826416738,2013,Die Hard Collection
166373.0,5,1,16.91405245641896,2017,The Marine Collection
3169.0,5,2,19.243614719860037,2009,Dr. Dolittle Collection
191023.0,5,0,,1974,The Yakuza Papers Collection
9888.0,5,3,19.28905930134569,2012,Home Alone Collection
10456.0,5,4,17.643988725626855,1988,Dirty Harry Collection
90031.0,5,0,,1945,Inner Sanctum mysteries
8354.0,5,5,20.219377291114444,2016,Ice Age Collection
185682.0,5,0,,1979,The Adventures of Antoine Doinel
8537.0,5,5,18.657856670181808,2006,Superman Collection
221544.0,5,0,,1944,The Mummy (Universal Series)
8864.0,5,5,18.5229798295428,2011,Final Destination Collection
264335.0,5,1,17.846378541654772,2010,The Eye Collection
8050.0,5,4,16.537431709685833,2007,Highlander Collection
91799.0,5,1,17.698557791155846,2015,Tremors Collection
12263.0,5,5,17.046744232942057,2005,The Exorcist Collection
86092.0,5,5,18.660706553197734,2014,Step Up Collection
8650.0,5,5,20.559234192208464,2017,Transformers Collection
218406.0,5,1,16.300417207752275,1944,Frankenstein (Universal Series)
363092.0,5,0,,2016,Mythica Collection
108502.0,5,0,,2010,The Discworld Collection
430186.0,5,1,18.320306984841203,2009,Bring It On Collection
108693.0,5,5,17.92080459755968,2015,National Lampoon's Vacation Collection
122123.0,5,3,15.394449678501735,2015,Three Heroes Collection
188534.0,5,0,,1914,Fantômas Serial
91945.0,5,1,16.16685667184595,1993,American Ninja Collection
4246.0,5,5,18.919412470855445,2013,Scary Movie Collection
9743.0,5,5,18.491018753212096,2007,The Hannibal Lecter Anthology
279715.0,5,0,,2015,Beck Collection
145553.0,5,0,,2001,Slayers - Movie Collection
177062.0,5,0,,1946,Blondie Collection
48194.0,4,0,,1990,Ator Collection
116669.0,4,1,18.923473268601303,2015,The Scorpion King Collection
354066.0,4,0,,1939,The Nancy Drew Collection (Bonita Granville)
86860.0,4,2,19.22561425500539,2010,Scooby-Doo Collection
48190.0,4,1,16.935318604087552,1994,Revenge of the Nerds Collection
48188.0,4,0,,2008,Poison Ivy Collection
126580.0,4,0,,2008,One Missed Call Collection
286023.0,4,0,,2016,Sharknado Collection
294918.0,4,0,,2011,Paranormal Investigations Collection
74508.0,4,4,15.562930844159206,2014,[REC] Collection
48037.0,4,0,,1992,Meatballs Collection
47983.0,4,0,,1992,Killer Tomatoes! Collection
138965.0,4,0,,1971,The Mummy (Hammer Series)
76291.0,4,0,,2015,Simon Brenner Collection
298820.0,4,0,,2009,American Pie (Spin-off) Collection
47627.0,4,0,,2002,Trancers Collection
87252.0,4,0,,2006,Halloweentown Collection
124492.0,4,1,17.628817590453263,1988,The Dirty Dozen Collection
266846.0,4,0,,2004,Corto Maltese
364344.0,4,0,,2016,"Murder, She Baked Collection"
59007.0,4,0,,2009,Bionicle Collection
48655.0,4,1,16.00051465739006,1991,Deathstalker Collection
66761.0,4,1,19.100281722607143,2015,Open Season Collection
93369.0,4,2,16.360526232578827,2000,Ringu Collection
123251.0,4,0,,1995,Iron Eagle Collection
133891.0,4,0,,1977,Confessions Collection
144200.0,4,1,16.09499671279399,2012,Swan Princess Series
89188.0,4,0,,1995,Harry Palmer Collection
88574.0,4,2,16.47057311780291,1994,Scanners Collection
294834.0,4,1,15.60727002719233,1979,Vixens Collection
86110.0,4,4,17.977103308806768,2017,Diary of a Wimpy Kid Collection
131989.0,4,2,17.155906257933005,2014,Recep İvedik Serisi
135489.0,4,1,16.570387663969683,2002,Wishmaster Collection
120794.0,4,4,19.5520247407815,1997,Batman Collection
263866.0,4,0,,2017,Nuke 'Em High Collection
129293.0,4,0,,2011,The Dick Proenneke Collection
52888.0,4,0,,2016,The Visitors Collection
259027.0,4,0,,1946,The Wolf Man (Universal Series)
424830.0,4,0,,2004,The Benji Collection
131635.0,4,4,20.41194744494815,2015,The Hunger Games Collection
123249.0,4,0,,1977,"Ilsa, She Wolf of the SS Collection"
151861.0,4,0,,2008,Lonesome Dove Collection
94032.0,4,1,20.485315423096832,2015,The Lion King Collection
117777.0,4,1,16.333096379292346,2016,Undisputed Collection
86486.0,4,4,18.694131553629237,2011,Spy Kids Collection
71458.0,4,0,,1998,3 Ninjas Collection
129453.0,4,0,,2011,Eating Out Series
140760.0,4,2,15.38290735766336,2016,Final Fantasy Collection
286948.0,4,0,,1996,Nemesis Collection
9887.0,4,2,17.657414515436606,2007,Species Collection
211753.0,4,0,,1977,Caprona Collection
192486.0,4,0,,1963,The Doctor Series
10457.0,4,3,16.506187773424973,1997,Once Upon a Time in China Collection
10522.0,4,1,18.613071246676657,2012,Starship Troopers Collection
2602.0,4,4,18.80698012914369,2011,Scream Collection
10893.0,4,2,15.773622777629576,1992,Critters Collection
2396.0,4,3,17.181325366542932,2012,Asterix and Obelix Collection
10919.0,4,3,17.284335720966702,1991,The Omen Collection
175763.0,4,0,,1994,TekWar Collection
10964.0,4,0,,1980,Flatfoot Collection
11118.0,4,0,,1976,The Olsen Gang Collection
2366.0,4,4,18.76953320588612,1987,The Jaws Collection
110021.0,4,1,15.4057656509816,1972,The Magnificent Seven Collection
386410.0,4,0,,1996,Dragon Ball Collection
12077.0,4,0,,2009,St. Trinian's Collection
8580.0,4,4,17.735216314979063,1994,The Karate Kid Collection
2794.0,4,3,18.253463498577673,2013,The Chronicles of Riddick Collection
98462.0,4,0,,1969,Fu Manchu Collection
98513.0,4,1,18.334612943472553,2014,Behind Enemy Lines Collection
9068.0,4,1,16.588099280204055,2005,The Prophecy Collection
8783.0,4,2,17.888059499142805,1999,Fievel Collection
8091.0,4,4,18.821980145639554,1997,Alien Collection
8819.0,4,1,19.47822168062434,2000,Casper Collection
5547.0,4,4,17.728922626554834,2014,RoboCop Collection
8945.0,4,4,18.149262148269404,2015,Mad Max Collection
5039.0,4,4,18.942137765868605,2008,Rambo Collection
473983.0,4,0,,1977,Hababam Sınıfı Collection
9518.0,4,4,18.116442668172017,2015,The Transporter Collection
190435.0,4,0,,2009,Street Fighter Collection
2806.0,4,4,19.3222479617084,2012,American Pie Collection
221539.0,4,1,13.827625870285557,1945,Dracula (Universal Series)
84.0,4,4,19.966369252106098,2008,Indiana Jones Collection
9436.0,4,2,17.53004094959733,2005,The Crow Collection
9500.0,4,0,,2003,Werner Collection
171732.0,4,0,,1998,Mothra Collection
13800.0,4,0,,2009,Futurama Collection
14740.0,4,4,20.12059770694097,2014,Madagascar Collection
495.0,4,4,16.277836752177787,2000,Shaft Collection
211721.0,4,3,16.139697615546194,2007,Taxi Collection
33381.0,4,0,,1946,The Whistler collection
102782.0,4,2,15.11919792689995,1992,House Collection
33938.0,4,4,17.422398096446056,1979,Airport Collection
36694.0,4,2,14.860177368615723,1999,Bloodsport Collection
437451.0,4,1,18.064975458314464,2016,Cinderella Story Collection
251383.0,4,0,,2014,The Gamers Collection
160677.0,4,0,,1964,"Ninja, Band of Assassins Collection"
115570.0,4,4,18.510051172797144,2002,Star Trek: The Next Generation Collection
256287.0,4,1,15.455540719032715,2015,Justice League (Animated) Collection
159600.0,4,1,17.08834412442586,2001,House Party Collection
328.0,4,4,20.188243398049007,2015,Jurassic Park Collection
321063.0,4,2,16.40075255548335,1977,The Sinbad Collection
44913.0,4,1,17.37085861945369,1994,Ghoulies Collection
104068.0,4,0,,1998,Tales of the Four Seasons
166381.0,4,2,14.498303377240948,2014,Atlas Shrugged Collection
32135.0,4,0,,2001,The Toxic Avenger Collection
108043.0,4,1,14.960612907273177,2012,Hamilton Collection
167613.0,4,4,19.634234767330298,2015,Alvin and the Chipmunks Collection
110179.0,4,1,17.03859818074617,2010,The Cutting Edge Collection
105995.0,4,2,18.406373860144193,2009,Anaconda Collection
242587.0,4,0,,1998,Rudolph the Red-Nosed Reindeer Collection
945.0,4,4,19.226932240624258,1998,Lethal Weapon Collection
240690.0,4,1,17.399029496420383,1977,Billy Jack Collection
169452.0,4,1,18.562764987697093,2017,DragonHeart Collection
23616.0,4,1,16.667495779129688,2015,Naruto Collection
97461.0,4,1,18.79755107040179,2006,Lilo & Stitch Collection
123289.0,3,0,,1990,Unoffical Ghosthouse Series
106784.0,3,2,16.081430575796926,2013,Love in the City Collection
421904.0,3,1,15.541377879204058,2003,Batman (DC Universe Animated) Collection
289288.0,3,0,,2005,Per Fly trilogien (Samling)
107725.0,3,2,16.657984616182368,2007,Creepshow Collection
293981.0,3,0,,2015,Flowers in the Attic Collection
107478.0,3,0,,2011,Lovey-Dovey Collection
123726.0,3,0,,1967,Quatermass (Hammer series)
106768.0,3,1,19.920303790379258,2005,Tarzan (Animation) Collection
105629.0,3,0,,2011,Paradise Lost Collection
106498.0,3,1,16.5358345272613,2012,Dungeons & Dragons Collection
123800.0,3,3,16.114544682431433,2013,Before... Collection
123740.0,3,0,,1971,Vampire Karnstein (Hammer series)
107467.0,3,1,16.09955808713181,2011,Самый лучший фильм - Коллекция
115840.0,3,3,17.431789634015423,2012,Would I Lie to You? Collection
123218.0,3,1,15.511275696743647,2009,Troll Collection
123213.0,3,1,14.914122846632385,1965,The Fly (1958 series)
424842.0,3,0,,2017,Maigret (Rowan Atkinson) Collection
306063.0,3,0,,2014,Saints and Soldiers Collection
297143.0,3,0,,1975,Dexter Riley Collection
297252.0,3,0,,1992,Not Quite Human Collection
118657.0,3,0,,2012,Annika Bengtzon Collection
306031.0,3,2,19.02012009900129,2017,Pitch Perfect Collection
118415.0,3,0,,2013,Berserk: Golden Age Arc
124901.0,3,1,10.870547441461856,2013,Hatchet Collection
117693.0,3,1,16.24458062578987,2004,Balto Collection
114431.0,3,0,,1990,The Incredible Hulk (TV Movie) Collection
114915.0,3,0,,1995,Xtro Collection
115575.0,3,3,19.795918987507488,2016,Star Trek: Alternate Reality Collection
115776.0,3,3,19.786821389023643,2016,Robert Langdon Collection
115822.0,3,1,17.312028331499825,2005,Dracula 2000 Collection
300431.0,3,0,,1985,Lucky Stars Collection
119674.0,3,3,17.044202252580835,1986,Psycho Collection
120417.0,3,0,,1971,The Elusive Revengers Collection
110177.0,3,1,17.1337202023851,2009,Goal! Collection
309300.0,3,1,13.765457546739054,2017,The Trip Collection
108125.0,3,0,,1985,The 36th Chamber of Shaolin Collection
108170.0,3,0,,1975,The Blind Dead Collection
123203.0,3,0,,2007,Hellboy (Animated) Collection
294172.0,3,1,13.781953774435433,2014,Tekken Collection
108804.0,3,0,,2013,Outpost Collection
122922.0,3,0,,2013,In the Name of the King Collection
109076.0,3,1,17.28817760355133,2010,Lost Boys Collection
120447.0,3,0,,1992,Naval Cadets Collection
299748.0,3,1,17.86248202649813,2007,Walking Tall Collection
109082.0,3,0,,2005,Left Behind Collection
121938.0,3,3,20.70107158788741,2014,The Hobbit Collection
109592.0,3,3,17.60708538446884,1985,Porky's Collection
295862.0,3,0,,1982,The BRD Collection
309259.0,3,0,,2012,Naked Collection
113679.0,3,0,,2011,Design Trilogy
154752.0,3,0,,1993,Legend of the Galactic Heroes Collection
287016.0,3,3,15.001997332287361,2004,Wong Kar-Wai's Informal Collection
425880.0,3,0,,2008,The Cheetah Girls Collection
182923.0,3,0,,2009,Tetsuo Collection
221537.0,3,1,14.077874822431763,1956,Creature From The Black Lagoon (Universal Series)
181502.0,3,0,,1988,Screwballs Collection
180854.0,3,0,,1995,Problem Child Collection
221622.0,3,1,16.665079186902968,2015,12 Rounds Collection
179244.0,3,2,17.029647751585962,2016,Pee-wee's Collection
176097.0,3,3,17.985912370067652,2016,Barbershop Collection
228446.0,3,2,18.426567351772285,2015,Insidious Collection
453993.0,3,3,19.940722062845307,2017,The Wolverine Collection
173710.0,3,3,20.03522847909071,2017,Planet of the Apes (Reboot) Collection
173344.0,3,3,12.38093325231978,2002,Qatsi Collection
232403.0,3,0,,1989,Otto Collection
237444.0,3,0,,2013,A Golden Christmas Collection
238419.0,3,0,,2006,Anders Matthesen
238448.0,3,0,,2003,Les Ripoux - Trilogie
239595.0,3,0,,2014,Nativity Collection
239766.0,3,2,16.07902973843691,2013,The Klapisch Trilogy
168545.0,3,0,,1998,Sometimes They Come Back Collection
168186.0,3,1,12.03279011338689,1995,Witchboard Collection
241729.0,3,1,17.48673507683949,2014,Alpha and Omega Collection
167691.0,3,0,,1974,Trilogy of Life
438087.0,3,0,,1941,Topper Collection
243738.0,3,3,14.54728559292428,2006,The Work and the Glory Collection
243811.0,3,3,9.229224065999388,2013,Paradise Trilogy
166378.0,3,1,17.416728551102494,2014,Joy Ride Collection
246091.0,3,0,,2013,Krrish Collection
165743.0,3,0,,1994,Ranma Collection
246839.0,3,1,16.660473719407406,2016,Center Stage Collection
247028.0,3,1,17.937794488875618,2014,Rurouni Kenshin Live-Action Collection
221308.0,3,1,17.545705716703573,1984,"Oh, God! Collection"
221111.0,3,1,18.574631512370097,2017,S.W.A.T. Collection
184977.0,3,2,15.840813618006397,1986,Shaolin Temple Collection
198987.0,3,0,,1972,Winnie-the-Pooh (Russian)
206449.0,3,0,,2007,Jungledyret Hugo Collection
206559.0,3,2,13.80014896330185,2016,StreetDance Collection
203910.0,3,0,,2005,Pusher Collection
207621.0,3,3,9.80969434172315,2014,V/H/S Collection
207632.0,3,2,9.430511457218778,2016,The ABCs of Death Collection
207952.0,3,0,,1996,Barrytown Trilogy
208602.0,3,0,,1994,That's Entertainment Collection
208765.0,3,0,,1991,Europa Trilogy
201576.0,3,1,17.234986333974124,2014,The Cabin Fever Collection
201548.0,3,0,,1971,The One-Armed Swordsman Collection
210303.0,3,3,15.923221341346503,2012,Rebuild of Evangelion
445118.0,3,0,,1976,Mark Collection
199141.0,3,0,,1999,Tenchi Muyô Collection
446782.0,3,1,13.80040402672796,2014,The Disappearance Of Eleanor Rigby
220448.0,3,0,,1940,Mr. Wong Collection
212123.0,3,0,,2014,Tiny Times Collection
212166.0,3,1,16.376442626144733,2013,Puella Magi Madoka Magica: The Movie
194752.0,3,0,,2002,Trilogie
192532.0,3,0,,2002,Dead or Alive Collection
192174.0,3,0,,2014,Crows Collection
441443.0,3,0,,1930,Ukraine Trilogy
441439.0,3,0,,1962,Alienation Trilogy
215326.0,3,2,17.072739875058446,1978,The Bad New Bears Collection
216395.0,3,0,,1989,Parent Trap Collection
188202.0,3,0,,1955,"Pane, amore e… - Collezione"
219363.0,3,0,,1984,Prostokvashino Collection
219691.0,3,1,13.25830760679564,2015,I Spit on Your Grave Collection
185667.0,3,0,,1987,The Complete Monterey Pop Festival
164397.0,3,1,14.715629224070774,1994,Class of 1999 Collection
458095.0,3,0,,1965,Super Giant Collection
253537.0,3,0,,2014,Spud Collection
135483.0,3,3,19.52896529496492,2014,Taken Collection
264481.0,3,0,,2014,Mega Shark Collection
141290.0,3,1,17.232299753092274,1980,The Lord of the Rings Animated Collection
141282.0,3,0,,1998,The Brave Little Toaster Collection
140910.0,3,2,16.542359787999263,1998,All Dogs Go to Heaven Collection
266731.0,3,0,,1969,Cat Stevens y Hutch Bessy Trilogy
140126.0,3,0,,2004,Vabank (Collection)
138971.0,3,0,,1990,The Slumber Party Massacre Collection
138968.0,3,0,,2011,The Gingerdead Man Collection
137696.0,3,2,20.287711629201368,2013,"Monsters, Inc. Collection"
136218.0,3,1,14.950102415511784,2009,Night of the Demons Collection
276838.0,3,1,18.01971032457998,2006,When a Stranger Calls Collection
429234.0,3,0,,2008,Trilogia Zé do Caixão
278467.0,3,0,,1994,Trilogía de la violencia de Michael Haneke
134897.0,3,3,19.638617198537208,2017,The Smurfs (Theatrical) Collection
142015.0,3,0,,2016,Housefull Collection
283417.0,3,0,,2016,Rampage Collection
133352.0,3,0,,2017,Resident Evil: Biohazard
283579.0,3,3,19.329544047906065,2016,Divergent Collection
131780.0,3,0,,2003,Whispering Corridors Collection
131296.0,3,2,20.103678388208166,2017,Thor Collection
131295.0,3,3,20.32797200539453,2016,Captain America Collection
131292.0,3,3,20.452448746228484,2013,Iron Man Collection
129748.0,3,0,,2016,The Gruffalo Collection
285564.0,3,1,18.38908685171922,2016,Jarhead Collection
127280.0,3,1,10.91412436325496,2007,The Three Mothers Collection
126166.0,3,2,16.205166861851076,1991,The Delta Force Collection
126125.0,3,3,19.37830929345412,2014,The Expendables Collection
286935.0,3,0,,1963,Silence of God Trilogy by Ingmar Bergman
264434.0,3,0,,2004,Demonic Toys Collection
142680.0,3,3,17.87273271103766,2012,Alex Cross Collection
254636.0,3,0,,1993,Maniac Cop Collection
152544.0,3,1,14.964291742454058,2013,Green Street Hooligans Collection
256297.0,3,0,,1987,It's Alive Collection
256322.0,3,3,18.467953878784517,2016,The Purge Collection
158391.0,3,3,11.639243312704428,1959,The Apu Collection
158376.0,3,0,,1974,Hanzo the Razor Collection
157890.0,3,2,15.649383122615323,1968,The Matt Helm Collection
157671.0,3,0,,1998,The Decline of Western Civilization Collection
256484.0,3,1,14.377397479208613,1996,Carnosaur Collection
156152.0,3,0,,1936,La Trilogie Marseillaise
256729.0,3,0,,1948,War Trilogy
256953.0,3,0,,1994,The Comics Collection
319850.0,3,1,15.590462908875947,2016,Department Q series
154002.0,3,0,,2013,Easy Money Collection
435805.0,3,0,,1967,The Man from U.N.C.L.E. Collection
258372.0,3,2,16.390204095091978,2016,Ivan Tsarevich & the Grey Wolf Collection
142717.0,3,0,,2002,The Cremaster Cycle
435347.0,3,0,,1975,男はつらいよ シリーズ
435108.0,3,0,,1943,Whistling Collection
461937.0,3,0,,1999,"Sarah, Plain and Tall Collection"
259398.0,3,1,10.216618049441497,1997,Teenage Apocalypse Trilogy
260601.0,3,0,,2014,The Worricker Collection
261286.0,3,0,,2015,Bad Ass Collection
146136.0,3,0,,2012,Armour of God Collection
146042.0,3,0,,1990,Oskar Luts Collection
145784.0,3,1,7.996317231796746,2012,The Philadelphia Experiment - Collezione
261526.0,3,1,17.14771506813948,2008,Slap Shot Collection
144689.0,3,1,17.953022569974706,2016,Honey Collection
143766.0,3,0,,2001,The Substitute Collection
263101.0,3,0,,1995,Sailor Moon Collection
319644.0,3,0,,2002,Black Scorpion Collection
104716.0,3,0,,1992,Basket Case Collection
364342.0,3,0,,2016,Gourmet Detective Collection
11875.0,3,0,,1970,Pippi Longstocking
12203.0,3,0,,1994,Drunken Master Collection
14563.0,3,3,18.823134887198268,2017,The Ring Collection
87214.0,3,1,17.294180763359748,2007,The Sandlot Collection
87118.0,3,3,19.922717391441484,2017,Cars Collection
14890.0,3,2,19.09668918001187,2018,Bad Boys Collection
411859.0,3,0,,2007,Barbie Fairytopia Collection
17149.0,3,1,17.257365376607837,2009,20th Century Boys Collection
86578.0,3,2,17.796576098392414,2011,Hostel Collection
86553.0,3,0,,2010,Cold Prey Collection
356437.0,3,0,,2014,Living Trilogy
356688.0,3,0,,2016,Batman Unlimited Collection
384920.0,3,2,13.473147950520378,1995,"No Retreat, No Surrender Collection"
21624.0,3,0,,2010,Golmaal Collection
86334.0,3,0,,2008,The Prince & Me Collection
23026.0,3,2,15.369949994459448,2008,Ghost in the Shell Collection
401261.0,3,0,,2015,Hate Story Collection
23456.0,3,2,17.89705016480832,2016,One Piece Collection
24726.0,3,0,,2003,Johan Falk Collection
86119.0,3,3,19.66898119427484,2013,The Hangover Collection
24761.0,3,3,18.023860045206376,2009,The Millennium Collection
25410.0,3,1,17.22332284614436,2009,The Art of War Collection
87220.0,3,3,17.40569256370617,1983,Smokey and the Bandit Collection
11794.0,3,0,,2004,Ginger Snaps Collection
86116.0,3,1,18.116361247259924,2013,Death Race Collection
11716.0,3,2,18.38804417047642,1998,Addams Family Collection
413663.0,3,0,,1949,Charlie Chan (Roland Winters) Collection
9649.0,3,3,16.66058508779319,2003,Mexico Trilogy
91430.0,3,2,16.712412505655077,1994,The Neverending Story Collection
349889.0,3,0,,1996,Robot Jox Collection
10194.0,3,3,20.183833370596982,2010,Toy Story Collection
90863.0,3,3,19.44953105250927,2007,Rush Hour Collection
90348.0,3,2,16.711803901963428,1982,Witch Mountain Collection
10453.0,3,3,17.538323982819367,1988,Poltergeist Collection
88735.0,3,1,18.17538931664488,2002,K-9 Collection
87805.0,3,1,17.909855120186375,1991,The Gods Must Be Crazy Collection
10709.0,3,3,17.442388441102224,1996,The Mighty Ducks Collection
10721.0,3,1,17.05342361925256,2003,Mimic Collection
87800.0,3,1,14.195308395323748,2014,Appleseed Collection
87631.0,3,0,,1989,The Musketeers Collection
87536.0,3,0,,1999,Warlock Collection
87256.0,3,2,17.560881130532124,2012,Beverly Hills Chihuahua Collection
10924.0,3,1,17.067303268550376,1999,From Dusk Till Dawn Collection
52789.0,3,1,18.144956332851816,2004,Cruel Intentions Collection
87253.0,3,1,15.761420707019589,2008,High School Musical Collection
87251.0,3,0,,2010,The Good Witch Collection
11582.0,3,0,,1965,Don Camillo Collection
30663.0,3,3,17.32030218501269,2011,Harold & Kumar Collection
33059.0,3,1,18.023183805493375,2010,Wild Things Collection
9332.0,3,3,18.797969742528142,2001,Crocodile Dundee Collection
70068.0,3,3,17.723757652018815,2015,Ip Man Collection
44979.0,3,3,18.653570299416526,2011,Big Momma's House Collection
45154.0,3,1,17.704848225876823,1996,Darkman Collection
375886.0,3,0,,2003,Willard
64750.0,3,2,18.477474646247288,2016,Blair Witch Collection
46512.0,3,3,16.257604608663982,1988,Missing in Action Collection
59586.0,3,2,16.369243108500857,2012,The Blue Lagoon collection
370374.0,3,0,,2015,Sharktopus Collection
58588.0,3,1,15.979859723629696,2003,Infernal Affairs Collection
57129.0,3,2,18.437912536006962,2003,Rugrats Collection
374930.0,3,1,16.333207030575267,2016,Snow Queen Collection
48317.0,3,3,16.206829997883204,1966,The Man With No Name Collection
55428.0,3,1,18.061643225617047,2009,Curious George Collection
51509.0,3,3,19.74432992336565,2010,Meet the Parents Collection
52749.0,3,1,18.380492486078616,2009,The Butterfly Effect Collection
373538.0,3,1,16.393302252322158,1984,Enter the Ninja Collection
55419.0,3,1,19.389910791776988,2007,Cinderella Collection
53159.0,3,3,18.760628246577948,2006,The Santa Clause Collection
373918.0,3,0,,2009,Garfield (Animation) Collection
374202.0,3,0,,2017,Kizumonogatari
52760.0,3,2,17.783788042482136,2005,Urban Legend
52785.0,3,3,19.060917550419372,2017,xXx Collection
44976.0,3,3,17.426506760718183,2013,Dhoom Series
72119.0,3,2,18.55437754390983,1997,"Honey, I Shrunk the Kids Collection"
33085.0,3,1,19.219538378934423,2008,The Little Mermaid Collection
44215.0,3,1,16.00156183470237,2009,Stargate SG-1 Collection
362047.0,3,0,,1997,Bikini Summer Collection
37139.0,3,3,18.07080617703237,1994,Naked Gun Collection
402380.0,3,0,,2016,Pitbull - Kolekcja
86055.0,3,3,20.117571273305952,2012,Men In Black Collection
86027.0,3,1,20.038186461944836,1996,Aladdin Collection
86024.0,3,2,18.70644619340583,2009,Legally Blonde Collection
43055.0,3,3,17.453712578041785,1985,Conan the Barbarian Collection
85943.0,3,3,19.893329981111005,2014,Night at the Museum Collection
378453.0,3,1,14.10428153734166,2014,Henry Fool Collection
85890.0,3,0,,2008,The Librarian Collection
85861.0,3,3,19.229319358179684,1994,Beverly Hills Cop Collection
85817.0,3,1,18.497125318409203,2010,Arthur and the Invisibles Collection
85473.0,3,0,,1961,The Human Condition
84923.0,3,0,,1960,The Orphic Trilogy
377545.0,3,1,15.808711380167136,2006,Samurai Trilogy
363966.0,3,1,14.77409420202868,1987,Care Bears Collection
77816.0,3,3,20.217307399813517,2016,Kung Fu Panda Collection
376970.0,3,1,12.0015054797889,2014,Cocaine Cowboys
43220.0,3,2,16.540952597423377,2009,National Lampoon’s Van Wilder Collection
43563.0,3,3,17.46340889004895,2002,Friday Collection
74083.0,3,0,,1995,Flodder Collection
9521.0,3,1,19.505870012288337,1993,Look Who's Talking Collection
52835.0,3,0,,2006,French Fried Vacation
97771.0,3,3,16.683198108908936,1998,Major League Collection
97156.0,3,0,,2011,Varg Veum Collection
1582.0,3,3,18.283059272088995,1993,Teenage Mutant Ninja Turtles (Original) Collection
96682.0,3,0,,2011,Zeitgeist Collection
326849.0,3,0,,2016,Mostly Ghostly Collection
3167.0,3,2,18.832141401257317,2009,Ace Ventura Collection
395433.0,3,0,,1940,Lone Wolf film series
1006.0,3,3,19.031184290329552,2002,Austin Powers Collection
735.0,3,3,18.74189912821343,2004,Blade Collection
556.0,3,3,20.53807624175594,2007,Spider-Man Collection
498.0,3,3,13.847750483919482,2000,Heart of Gold Collection
3601.0,3,2,18.07647260924961,2006,I Know What You Did Last Summer Collection
96676.0,3,1,17.54426990696193,2016,Never Back Down Collection
96671.0,3,0,,2015,The Human Centipede Collection
456.0,3,0,,1957,Sissi Collection
334996.0,3,0,,2016,Son of Batman Collection
101688.0,3,3,16.728250067807217,1989,Cannonball Run Collection
96665.0,3,3,18.587423687723156,2014,Dumb and Dumber Collection
336557.0,3,0,,2015,The Ouija Experiment Collection
96937.0,3,1,18.02307753496591,2008,The Boogeyman Collection
97307.0,3,1,14.693235082449512,2010,BloodRayne Collection
4563.0,3,3,15.997810172076663,2005,The Vengeance Collection
2980.0,3,3,19.313688424618007,2016,Ghostbusters Collection
98180.0,3,0,,1954,Jungle Jim Collection
98430.0,3,1,13.397830652031807,2009,Feast Collection
416491.0,3,3,14.039202018094281,2009,Major Korenev Trilogy
1960.0,3,2,16.39543314810416,1992,Evil Dead Collection
1974.0,3,3,17.993120835808284,2009,The Grudge Collection
98448.0,3,0,,2008,Thou Shalt Laugh Collection
98580.0,3,2,16.757943690629325,1999,Candyman Collection
98853.0,3,1,16.134604526471403,1995,Cyborg Collection
98036.0,3,1,14.52029674177714,2003,Re-Animator Collection
9328.0,3,1,18.85050426247011,1997,Free Willy Collection
1733.0,3,3,19.847330727275153,2008,The Mummy Collection
2344.0,3,3,20.080731029761903,2003,The Matrix Collection
1657.0,3,2,19.056137957888506,2005,Zorro Collection
99635.0,3,1,15.312778153923068,1989,A Better Tomorrow Collection
99727.0,3,2,19.235399517280186,2005,Stuart Little Collection
416305.0,3,0,,2012,Killjoy
331475.0,3,0,,2006,Shiloh Collection
432.0,3,1,13.125992783136,2004,Cube Collection
324703.0,3,0,,2014,Overheard Collection
389867.0,3,0,,2002,Shark.Attack
264.0,3,3,19.56469406071432,1990,Back to the Future Collection
8385.0,3,1,14.29485666008762,2006,Aki Kaurismäki's Finland trilogy
93791.0,3,2,18.64711324728396,2013,Anchorman Collection
304.0,3,3,19.73062246904538,2007,Ocean's Collection
321065.0,3,0,,1971,The Sabata Collection
475520.0,3,0,,2014,The Yes Men Collection
8647.0,3,1,17.37106374127191,2004,The Skulls Collection
321148.0,3,0,,2004,Zenon Collection
420.0,3,3,20.044789325693312,2010,The Chronicles of Narnia Collection
263.0,3,3,20.424318162266047,2012,The Dark Knight Collection
343297.0,3,0,,2015,My Little Pony: Equestria Girls Collection
230.0,3,3,18.57598800765851,1990,The Godfather Collection
8936.0,3,3,18.712831230879377,2016,Bridget Jones Collection
93446.0,3,0,,2005,The Adventures of Erast Fandorin
103001.0,3,0,,1967,Fantomas Collection
399.0,3,3,18.305771457016334,2010,Predator Collection
94035.0,3,0,,2000,Anne of Green Gables Collection
102452.0,3,0,,1956,Samurai Collection
102019.0,3,3,17.36877619392959,2008,Death Note Collection
9046.0,3,0,,1991,A Chinese Ghost Story Collection
131.0,3,0,,1994,Three Colors Collection
324149.0,3,0,,1994,Koker Trilogy
119.0,3,3,20.689290841565253,2003,The Lord of the Rings Collection
7505.0,3,3,14.154527370981377,2005,Elements Trilogy
94589.0,3,2,15.33574470737858,2010,Ong Bak Collection
378268.0,2,0,,2007,Havoc Collection
251937.0,2,1,17.912213719835453,2014,A Haunted House Collection
211860.0,2,0,,1978,Mountain Family Robinson Collection
378025.0,2,0,,1959,Die Fritz Lang Indien-Edition
379475.0,2,0,,2000,Batman Beyond Collection
257960.0,2,2,15.00459723898402,2014,The Raid Collection
257899.0,2,0,,2002,The President's Man Collection
374386.0,2,1,15.89495209964411,1979,Anglo-Zulu War Collection
437439.0,2,0,,2009,Phobia Collection
251970.0,2,2,16.063820218618247,2013,The Protector Collection
252313.0,2,0,,1994,The Endless Summer Collection
442352.0,2,0,,2016,Brice Collection
207447.0,2,1,16.653428523794464,2002,Firestarter Collection
256477.0,2,0,,2013,Saheb Biwi Aur Gangster Collection
257571.0,2,1,15.042954839354088,1989,C.H.U.D. Collection
393564.0,2,1,15.326197839021976,1997,McHale's Navy Collection
256433.0,2,0,,2012,Dabangg Collection
375228.0,2,1,15.972243873119304,2015,The Condemned Collection
402457.0,2,0,,1951,The Durango Kid
209739.0,2,0,,1994,MacGyver (TV Movies) Collection
436982.0,2,0,,2015,SPL Collection
210006.0,2,2,16.89206213906835,2013,Machete Collection
404111.0,2,0,,2002,100 Girls Collection
436483.0,2,0,,2017,Bad Kids Collection
403374.0,2,2,19.052787477265053,2016,Jack Reacher Collection
376650.0,2,2,18.747445433047172,2016,Ride Along Collection
257053.0,2,2,17.014291476471165,1999,Carrie Collection
211075.0,2,0,,1973,Panda! Go Panda! Collección
404148.0,2,0,,1938,Olympia
209131.0,2,2,20.449898315845765,2016,Man of Steel Collection
257071.0,2,0,,2011,All Stars Collectie
255702.0,2,0,,2002,The Rutles Collection
255478.0,2,1,11.700897693272998,2014,Cowgirls n' Angels Collection
251858.0,2,1,14.088761500761072,1970,Brancaleone Collection
387618.0,2,1,18.386282851878786,2005,8MM Collection
251117.0,2,0,,1991,Kenny Rogers Legend Of The Gambler
390096.0,2,2,18.321085495249573,2015,Hitman Collection
389978.0,2,0,,2009,"Hard Revenge, Milly Collection"
218293.0,2,0,,2000,Brother Collection
386534.0,2,2,19.01963408791204,2016,... Has Fallen Collection
439053.0,2,2,14.998080283799297,1995,Brooklyn Cigar Store Collection
441061.0,2,1,16.189836330427344,2008,L'allenatore nel pallone - Collezione
217704.0,2,2,18.429210929833204,2002,The Vampire Chronicles
228887.0,2,2,17.81740409890672,2007,Daddy Day Camp Collection
248534.0,2,0,,2013,Batman: The Dark Knight Returns Collection
229932.0,2,2,20.014701805915884,2014,Rio Collection
230161.0,2,1,17.031271015109905,2013,Fright Night (Reboot) Collection
397444.0,2,1,19.123568768078016,2016,Kindergarten Cop Collection
230532.0,2,1,19.313016332838583,2011,Marley & Me Collection
215606.0,2,0,,2006,Seven Dwarfs Collection
386382.0,2,1,20.965599285915545,2015,Frozen Collection
225961.0,2,0,,2013,Birdemic Collection
225543.0,2,0,,2013,Gasland Collection
439596.0,2,0,,2016,Lavalantula Collection
224478.0,2,0,,1996,The Brady Bunch Collection
224011.0,2,0,,1947,Dick Tracy 1940s Collection
389767.0,2,2,19.014448760484527,2016,My Big Fat Greek Wedding Collection
223926.0,2,0,,2008,"Impy, the small dinosaur Collection"
223564.0,2,1,18.461398825873893,2009,The Cell Collection
220872.0,2,0,,2011,Men in the City Collection
222639.0,2,2,17.92879216064807,2013,Detective Dee Collection
222634.0,2,1,18.538130461842332,2012,Tooth Fairy Collection
221966.0,2,1,17.61161155994084,1998,The Odd Couple Collection
386549.0,2,0,,2014,"Fat, Sick & Nearly Dead"
386818.0,2,1,9.757131416174785,1987,Django - Original films
389544.0,2,0,,2016,Les Tuche
388180.0,2,0,,2015,Ocho apellidos - Colección
387219.0,2,2,16.808025330374697,1986,The Hustler Collection
232844.0,2,1,18.42144387269554,2013,Nim's Island Collection
215456.0,2,2,17.957649576754573,2009,Keinohrhasen Filmreihe
215452.0,2,1,17.576710673657836,2013,Kokowääh Filmreihe
243598.0,2,2,17.722781802395055,2013,The Best Man Collection
248339.0,2,1,17.525321462797745,2007,House on Haunted Hill Collection
248126.0,2,1,18.061450165731916,1988,Splash Collection
393379.0,2,2,19.35874038055931,2016,The Huntsman Collection
380170.0,2,0,,1978,Flying Guillotine Collection
380822.0,2,0,,1982,Penitenciaría - Colección
401562.0,2,2,19.65137904934425,2016,Teenage Mutant Ninja Turtles (Remake) Collection
382113.0,2,0,,2001,Spiders - Collection
212279.0,2,0,,1981,Piranha Collection
245198.0,2,0,,1979,Feluda Collection
245129.0,2,0,,1985,Pumping Iron Collection
382238.0,2,0,,1995,Cyborg Cop Trilogy
244242.0,2,0,,2013,Ninja Collection
441682.0,2,0,,2015,Klovn
393328.0,2,0,,2015,Library Wars Collection
393326.0,2,0,,1938,Torchy Blane
237445.0,2,0,,2003,Inspector Gadget Collection
382685.0,2,2,19.10649335270393,2016,Now You See Me Collection
212562.0,2,2,19.088011045277604,2014,Jump Street Collection
383632.0,2,0,,1976,A Man Called Horse Collection
239968.0,2,2,16.29325206098661,1980,La cage aux folles
395591.0,2,1,12.889177065965498,2011,Sex and Zen Collection
385386.0,2,0,,2015,Parasyte Collection
385528.0,2,0,,2012,Outrage Collection
391047.0,2,0,,2014,On Any Sunday Collection
385639.0,2,0,,1982,The Sentimental Swordsman Collection
400700.0,2,2,18.955862629196737,2016,Neighbors Collection
239430.0,2,2,18.223593601681813,2014,Think Like a Man Collection
239011.0,2,0,,2011,Detective Collection
385719.0,2,0,,2011,The Underdog Knight Collection
397382.0,2,0,,2003,Epoch Collection
386495.0,2,0,,2010,Fubar Collection
320064.0,2,2,13.923568622878822,1984,El pico - Colección
259085.0,2,0,,2014,Ironclad Collection
295274.0,2,0,,2015,The Crossing Collection
425175.0,2,1,18.48900884119254,2006,Texas Chainsaw (Reboot) Collection
344936.0,2,0,,2006,Unna Trilogie
344830.0,2,2,19.957750999045693,2017,Fifty Shades Collection
344555.0,2,1,18.23468754291467,2015,"F*ck You, Goethe Collection"
343733.0,2,0,,1993,Lotta
343477.0,2,0,,2011,Kusswechsel Filmreihe
296358.0,2,0,,1974,Anche gli angeli - Collezione
296872.0,2,0,,2014,See No Evil Collection
413935.0,2,0,,2013,Wizards of Waverly Place Collection
341455.0,2,1,12.43718436649356,2015,Tanu Weds Manu Collection
413946.0,2,0,,1967,Gamma One Collection
297299.0,2,0,,2012,Bullit & Riper Collection
297371.0,2,0,,2008,Reeker Collection
424202.0,2,2,17.078714279496502,2017,Trainspotting Collection
340623.0,2,0,,1990,The Gate Collection
298162.0,2,0,,2013,"All inclusive, или все включено (Коллекция)"
298778.0,2,0,,2012,1920 Collection
339577.0,2,1,17.03590111504618,2007,Grindhouse Collection
338416.0,2,0,,2005,Kirikou
295777.0,2,1,14.168214628409851,2014,Korengal Valley Documentaries
347469.0,2,0,,2014,Antboy Collection
415054.0,2,0,,2005,Облако-рай (Коллекция)
295130.0,2,2,19.61238050704827,2015,The Maze Runner Collection
288491.0,2,2,18.074260226125986,2014,Dolphin Tale Collection
289531.0,2,0,,1976,Gator Collection
351684.0,2,2,18.775097954530025,2000,The Flintstones (Live-Action) Collection
290933.0,2,0,,2010,Superman / Batman (Animated) Collection
351667.0,2,0,,1977,Un éléphant ça trompe énormément
290973.0,2,1,19.17926792669372,2016,"Crouching Tiger, Hidden Dragon Collection"
292068.0,2,0,,2014,The Pact Collection
293196.0,2,0,,1988,Big Man Collection
351231.0,2,0,,1986,Hardbodies Collection
351230.0,2,0,,1995,Dream a Little Dream Collection
351228.0,2,0,,1994,Ski School Collection
350836.0,2,2,16.242521037748258,2009,Dark Planet Collection
350309.0,2,2,18.83713530541992,2017,Bahubali Collection
294187.0,2,0,,2014,Born To Race Collection
294226.0,2,0,,2013,The Dead Collection
294468.0,2,0,,1963,Flubber Collection
294519.0,2,0,,1976,The Shaggy Dog Collection
348843.0,2,0,,2005,Vampires Collection
347544.0,2,0,,2010,식객 시리즈
338282.0,2,1,17.687074044836482,2005,Single White Female Collection
423173.0,2,2,17.4231816620769,2016,Bad Santa Collection
351721.0,2,0,,1980,The Sheriff and the Satellite Kid Collection
327598.0,2,0,,1996,"To Sir, with Love Collection"
312744.0,2,0,,1980,Madicken
422193.0,2,0,,1972,The Blob Collection
325798.0,2,0,,1981,Star Crash Collection
312977.0,2,1,15.911690109322544,2018,Iron Sky Collection
325470.0,2,2,19.76240530103993,2017,The Lego Movie Collection
313086.0,2,2,19.580962535911013,2016,The Conjuring Collection
417491.0,2,1,16.354850151611576,2017,Bon Cop Bad Cop Collection
324371.0,2,0,,1983,The Riffs Trilogy
313576.0,2,2,17.154797872724643,2015,Hot Tub Time Machine Collection
314023.0,2,1,16.1835269609413,1985,Hercules (Lou Ferrigno) Collection
314042.0,2,0,,1983,Onomichi Trilogy
315054.0,2,1,14.566393957624776,2013,Dark World Collection
418219.0,2,0,,2014,Carmina - Colección
315091.0,2,0,,2015,Что Творят мужчины! (Коллекция)
315560.0,2,2,17.879070097697735,2014,The Woman in Black Collection
322330.0,2,0,,1987,Garfield Holiday Celebrations
315944.0,2,0,,2007,Wallander (Rolf Lassgård)
419784.0,2,1,17.665658159674333,2013,Masti Collection
321061.0,2,0,,1985,The Wild Geese Collection
312735.0,2,1,17.859596430761364,1995,Annie Collection
327871.0,2,0,,1971,Count Yorga Collection
303872.0,2,0,,2014,Little Nicholas Collection
328073.0,2,1,18.52168346319308,2006,Síť (kolekce)
334486.0,2,0,,2015,Detective K Collection
334356.0,2,1,16.56332907866624,2015,The Man with the Iron Fists Collection
304025.0,2,0,,2014,Gwendolyn Shepherd Collection
333154.0,2,0,,2012,Sunes samtliga Resor
304378.0,2,2,20.15097672475638,2016,Independence Day Collection
332357.0,2,1,18.523270508622424,2007,The Dukes Of Hazzard Collection
331841.0,2,0,,2015,Babysitting
306882.0,2,0,,1968,Thunderbirds (Animation) Collection
306926.0,2,1,15.260775939160414,2014,Monsters Collection
306937.0,2,2,18.50194996391297,2015,Best Exotic Marigold Hotel Collection
307637.0,2,1,18.68175486115305,2014,Jingle All the Way Collection
330605.0,2,2,17.275893849706392,1983,The Sting Collection
422361.0,2,2,16.58548794310235,2012,Barbie A Mermaid Tale Collection
308465.0,2,0,,1972,The Emigrants Collection
330075.0,2,0,,2015,Little Witch Academia Collection
308645.0,2,0,,2005,The Foreigner Collection
328372.0,2,2,18.76025140570738,2015,Mall Cop Collection
328247.0,2,2,18.779279216737688,2015,Magic Mike Collection
311102.0,2,0,,2014,Klassefesten (Samling)
288280.0,2,2,18.636146693513073,1983,Saturday Night Fever Collection
288235.0,2,0,,2014,Cat Run Collection
259256.0,2,0,,2013,Race Collection
264317.0,2,0,,2014,Bhoothnath Collection
264338.0,2,1,17.32392950246117,1976,Rosemary's Baby Collection
264339.0,2,0,,2012,The Hamiltons Collection
264437.0,2,1,18.428001064903995,2009,My Bloody Valentine Collection
205977.0,2,0,,1997,The Kingdom
264914.0,2,1,11.183087174985056,2010,Eye of the Dolphin Collection
432151.0,2,0,,1988,Daffy Duck Movie Collection
265865.0,2,1,15.687312734865866,2014,Space Dogs
266672.0,2,2,19.659895828104972,2015,Ted Collection
431417.0,2,0,,1966,Nevada Smith Collection
267922.0,2,1,17.034386382832476,1984,The Hills Have Eyes (Original) Collection
430201.0,2,0,,1986,Demons Collection
268098.0,2,2,16.609820983366546,2013,Wolf Creek Collection
405256.0,2,0,,1976,Dolemite Collection
405393.0,2,2,16.77285157987079,1983,The Black Stallion Collection
269190.0,2,0,,2013,The Ultimate Collection
270252.0,2,2,19.02103248124368,2014,Planes Collection
271668.0,2,0,,1944,Caballeros Collection
272673.0,2,1,15.201804919084164,1944,Cat People Collection
275402.0,2,2,19.15775984473813,2015,SpongeBob Collection
366444.0,2,1,17.399029496420383,1954,Demetrius Filmreihe
366826.0,2,2,16.486550873608806,1978,Navarone Collection
363014.0,2,0,,2006,Like Mike Collection
368982.0,2,0,,2001,MVP
374384.0,2,0,,1980,Stepford Collection
259363.0,2,0,,2011,Manuale d'amore - Collezione
434533.0,2,1,15.89495209964411,2017,Death Race Original Collection
434270.0,2,1,16.300417207752275,1975,Lew Harper Collection
260586.0,2,0,,2007,Le Cœur des Hommes
404609.0,2,2,18.630895872012914,2017,John Wick Collection
261057.0,2,0,,1968,I Am Curious Collection
261203.0,2,2,17.388527143541975,2009,Street Fighter
261307.0,2,2,20.132814285807477,2016,Alice in Wonderland Collection
261382.0,2,2,18.02426138241833,2006,Clint Eastwood's Iwo Jima Collection
372257.0,2,1,18.25300877207257,1979,The Poseidon Adventure Collection
371950.0,2,0,,2015,Dark Woods Collection
370411.0,2,0,,2015,Attack on Titan Collection
369380.0,2,0,,2009,If I Were You Collection
369005.0,2,0,,2002,Ten Minutes Older... (Collection)
262011.0,2,1,12.745004560843936,2007,Sleuth Collection
369004.0,2,0,,1974,Borsalino Collection
263106.0,2,0,,2007,Twitches Collection
263193.0,2,0,,2003,Charlotte's Web Collection
363015.0,2,0,,1976,Frosty the Snowman Collection
275873.0,2,0,,1966,Dr. Who Collection
412680.0,2,1,18.122135574469752,2016,Hard Target Collection
283733.0,2,0,,2014,The Three Brothers Collection
358930.0,2,0,,2015,Contracted Collection
357173.0,2,2,17.97604990363521,2015,Sinister Collection
355490.0,2,0,,1999,Freeway Collection
284433.0,2,2,20.52131099317733,2017,Guardians of the Galaxy Collection
426985.0,2,0,,1958,Ivan The Terrible Collection
354210.0,2,0,,1972,Born Free Trilogy
426370.0,2,0,,2010,The Wog Boy Collection
409343.0,2,2,17.091241341549015,2016,God's Not Dead Collection
410261.0,2,1,17.380769260693206,2000,A Goofy Movie Collection
353754.0,2,0,,1968,Trilogía Sollima
426103.0,2,2,18.337294430974005,2016,Ouija Collection
286006.0,2,0,,2008,Rest Stop Collection
353325.0,2,1,17.24910074816581,2015,Joe Dirt Collection
286038.0,2,2,12.516167566580286,2014,Dead Snow Collection
286162.0,2,2,17.35496068538203,1997,Power Rangers Collection
286904.0,2,2,15.799995700899222,2006,Ultimate Avengers Collection
352789.0,2,2,17.88154800474699,2016,Zoolander Collection
352020.0,2,1,16.397164233586643,2015,ДухLess (Коллекция)
286951.0,2,1,17.035745458870107,2014,Singham Collection
284111.0,2,0,,1992,Barbarian Queen Collection
359005.0,2,2,16.667401795292374,1990,The Jake Gittes Collection
362722.0,2,0,,2006,Fimfárum (kolekce)
409138.0,2,1,11.66312836254939,2012,Yossi Collection
277739.0,2,0,,2005,"Heaven, Hell and Purgatory Collection"
407273.0,2,0,,2016,Dead Rising Collection
278920.0,2,1,18.20436217437474,2012,Vampires Suck Collection
279244.0,2,0,,2009,Family Guy Presents Collection
408196.0,2,0,,2015,Teen Beach Collection
361007.0,2,0,,1971,Calcutta Trilogy
279836.0,2,0,,2010,Herr Lehmann Filmreihe
409026.0,2,0,,1975,Nobody Collection
279959.0,2,1,18.29314029544544,2014,The Inbetweeners Collection
280504.0,2,2,18.199184002929265,2016,Mechanic Collection
360344.0,2,0,,1959,Tarzan (Gordon Scott series)
280562.0,2,0,,1994,The Guyver Collection
280588.0,2,2,18.536134680117627,2014,Horrible Bosses Collection
281097.0,2,0,,1935,Philo Vance Collection
281644.0,2,1,18.541944993147393,1981,Rocky Horror Collection
427956.0,2,0,,1966,Dr Goldfoot Collection
282246.0,2,0,,2004,Mickey's Upon a Christmas Collection
427944.0,2,0,,1977,The Happy Hooker Collection
360342.0,2,0,,1952,Tarzan (Lex Barker series)
206072.0,2,0,,2001,Running Out Of Time Collection
394258.0,2,0,,1958,The Amazing Colossal Man Duology
443996.0,2,0,,2007,Ghost in the Shell: Stand Alone Complex
107461.0,2,1,14.28551418721001,2006,Bummer Collection
100415.0,2,0,,2000,Thumbs! Collection
100693.0,2,1,19.190233320565557,2003,101 Dalmatians (Animated) Collection
100965.0,2,1,19.041546034056076,2003,Atlantis Collection
100970.0,2,1,17.210018951475632,2006,The Fox and the Hound Collection
100992.0,2,0,,1945,The Flicka Collection
101246.0,2,0,,2005,Azumi Collection
101676.0,2,0,,2003,My Wife is a Gangster Collection
102008.0,2,1,13.521578327236275,2008,Another Gay Movie Collection
102322.0,2,2,19.85277407343159,2011,Sherlock Holmes Collection
102777.0,2,1,18.32852618892278,2007,White Noise Collection
103190.0,2,0,,1972,The Female Prisoner Series
103372.0,2,2,19.29712665404893,2007,Mr. Bean Collection
103573.0,2,2,18.562343880412726,1993,Sister Act Collection
103577.0,2,2,17.78101522809468,2004,The Whole Nine/Ten Yards Collection
104769.0,2,0,,1997,Lilla Jönsonligan Collection
104830.0,2,2,17.095727107407782,2012,Piranha 3D Collection
104833.0,2,2,17.639272418819758,1989,Fletch Collection
104842.0,2,1,13.312745692153625,2006,Blue Collar Comedy Tour Collection
104847.0,2,1,17.500541214951607,1988,Caddyshack Collection
105075.0,2,1,17.688032258877065,1994,The Shadow Collection
105324.0,2,1,18.098220031847397,2010,Mirrors Collection
105625.0,2,1,16.63864653074509,2005,House of 1000 Corpses Collection
105764.0,2,0,,1974,The Tall Blond Man Collection
106000.0,2,2,15.067034899799106,1991,Beastmaster Collection
106011.0,2,2,16.078095159980077,2007,Shadow Boxing Collection
100286.0,2,2,18.173423018661616,2007,Elizabeth Collection
99606.0,2,1,18.67565524044879,2011,Mean Girls Collection
99321.0,2,0,,2011,Gantz Collection
96660.0,2,0,,1994,Circuitry Man Collection
92222.0,2,0,,1984,Breakin' Collection
93220.0,2,1,19.172096832636285,2005,Miss Congeniality Collection
93287.0,2,0,,1977,Seventh Company Collection
93295.0,2,2,18.516313647231392,1990,48 Hrs. Collection
93568.0,2,0,,1979,Cross of Iron Collection
93731.0,2,1,16.7406964325035,2009,Waiting Collection
94050.0,2,0,,1978,Lucky Luke (Animation) Collection
94899.0,2,2,17.92850306079809,2003,Jeepers Creepers Collection
95664.0,2,2,17.46133716159568,2005,Deuce Bigalow Collection
95891.0,2,0,,2002,In China They Eat Dogs Collection
96472.0,2,0,,2006,Brother Bear Collection
96661.0,2,0,,2009,Afro Samurai Collection
98435.0,2,0,,1993,Patlabor Collection
96666.0,2,0,,2010,Eden of the East Collection
96677.0,2,2,18.638940925710923,2009,Red Cliff Collection
96679.0,2,1,18.600952518043083,2009,Road Trip Collection
96680.0,2,1,17.86038288596004,2010,Smokin' Aces Collection
96850.0,2,1,16.811242831518264,1997,Evangelion Collection
96871.0,2,2,18.230816488741347,1995,Father of the Bride Collection
97456.0,2,1,18.42206829086376,2002,The Hunchback of Notre Dame Collection
97459.0,2,2,18.934218501700734,2003,The Jungle Book Collection
97460.0,2,1,18.35454094144782,2001,Lady and the Tramp Collection
475511.0,2,0,,2007,Steal This Film Collection
98168.0,2,2,15.969986933368357,1988,Fright Night Collection
106790.0,2,2,14.885498603899308,2010,Hooked Collection
107469.0,2,1,18.326790591431884,2006,Save The Last Dance Collection
125574.0,2,2,20.406629680994232,2014,The Amazing Spider-Man Collection
107473.0,2,1,17.834323722622695,2007,Ирония судьбы (Коллекция)
472781.0,2,0,,1973,Inoshika Ocho series
121195.0,2,1,15.722965255264809,1997,9½ Weeks Collection
122017.0,2,1,15.570240312048975,2009,Screamers Collection
122489.0,2,0,,2012,Billa Collection
122661.0,2,0,,2011,Mardock Scramble Collection
469648.0,2,0,,2012,Santas Paw
122945.0,2,2,15.047130875473458,1993,The Legend Collection
122947.0,2,1,14.690979295318174,2001,Omega Code Series
122952.0,2,0,,2000,Vampire Hunter D Collection
123256.0,2,1,15.293817850753648,1994,Pumpkinhead Collection
123438.0,2,0,,2009,Loose Change Collection
123640.0,2,0,,1980,Les Mystères de l'ouest (Collection)
123717.0,2,0,,1968,She Collection
123932.0,2,1,17.525550026531,2011,Quarantine Collection
124188.0,2,1,17.213626028747427,2008,Pulse Collection
124426.0,2,1,15.988756145798364,2011,New Kids Collection
124879.0,2,2,14.450973424223529,2005,State Property Collection
124881.0,2,1,17.998626834372928,2011,Street Kings Collection
124916.0,2,2,19.307158713588976,2000,101 Dalmatians (Live-Action) Collection
124930.0,2,0,,1943,King of the Zombies Collection
124934.0,2,0,,1991,Alligator Collection
124935.0,2,2,15.98960670862472,1996,The Lawnmower Man Collection
124949.0,2,2,19.483790230348024,2007,Almighty Collection
124950.0,2,2,17.640845764057868,1979,American Graffiti Collection
124951.0,2,2,16.354059435293888,1991,Mannequin Collection
119234.0,2,0,,1970,Stray Cat Rock Collection
119050.0,2,0,,1995,Grumpy Old Men Collection
118828.0,2,1,17.971269155823908,2010,Space Chimps Collection
114783.0,2,2,18.870190948194853,2005,Cheaper by the Dozen Collection
107674.0,2,2,18.647222207852536,2004,The Princess Diaries Collection
107688.0,2,0,,1990,3 Men Collection
108669.0,2,0,,1989,Get Smart Collection
109608.0,2,1,19.520150914534536,2004,Van Helsing Collection
109609.0,2,2,17.698436517272693,1989,The Fly Collection
110127.0,2,2,18.406957411681255,2002,Analyze Collection
112399.0,2,2,18.665991362618037,1995,Under Siege Collection
112406.0,2,0,,2001,The Aum Shinrikyo Collection
112636.0,2,2,17.510335594304003,1998,The Blues Brothers Collection
473847.0,2,0,,2014,The War of Flower Collection
114488.0,2,0,,1975,Moskva-Kassiopeya Collection
473843.0,2,1,10.411659658836555,2016,Stake Land Collection
473730.0,2,0,,1965,Ringo Collection
114993.0,2,0,,2008,Unstable Fables Collection
115164.0,2,0,,2003,Hornblower Collection
115762.0,2,2,18.253292731347827,2007,AVP Collection
115838.0,2,2,17.646089010558512,1996,Escape From ... Collection
115839.0,2,1,17.76372428691376,2011,Blue Crush Collection
116661.0,2,1,16.45801707514424,1998,The Arrival Collection
116847.0,2,0,,1972,Dr. Phibes Collection
473840.0,2,0,,2015,Little Forest Collection
117927.0,2,1,16.441495746801653,2005,House of the Dead Collection
117952.0,2,0,,1998,The Dentist Collection
118221.0,2,1,17.22396113813618,1993,Weekend at Bernie's Collection
92012.0,2,2,19.29793933429921,2011,Happy Feet Collection
91746.0,2,1,17.516443056421636,1991,Bill & Ted's Most Excellent Collection
91698.0,2,2,18.466545377779184,2005,Chili Palmer Collection
91697.0,2,0,,2009,Battlestar Galactica (Reboot) Collection
20970.0,2,1,15.590462908875947,2008,Sarkar Collection
23170.0,2,1,14.777349251363589,2010,Burnt by the Sun Trilogy
23453.0,2,0,,2009,Tengen Toppa Gurren Lagann Collection
23497.0,2,0,,2008,Bleach (Collection)
35792.0,2,2,18.48714718996825,2010,Nanny McPhee Collection
39199.0,2,0,,1999,Detective Conan Collection
39460.0,2,0,,1986,The Water of the Hills Collection
41083.0,2,0,,1987,Scuola di ladri - Collezione
41649.0,2,0,,1982,The Party Collection
43058.0,2,1,17.303173759493497,1996,Homeward Bound Collection
43063.0,2,0,,2007,Half Past Dead Collection
43064.0,2,2,19.296596734052194,1997,Speed Collection
43066.0,2,0,,1987,Teen Wolf Collection
43072.0,2,1,19.677957529828916,2005,The Mask Collection
44722.0,2,0,,2006,Munna Bhai Collection
44724.0,2,0,,2011,Don Collection
46082.0,2,0,,1950,Ma and Pa Kettle Collection
47400.0,2,0,,1940,Nick Carter Collection
477208.0,2,0,,2017,DC Super Hero Girls Collection
47630.0,2,0,,1942,The Falcon Series
48829.0,2,0,,1974,The Streetfighter Collection
50457.0,2,2,19.66203779473927,2010,Sex and the City Collection
52783.0,2,2,18.15757916025697,2010,Wall Street Collection
52984.0,2,2,19.80356254522981,2007,National Treasure Collection
52988.0,2,2,18.86302140298719,1993,Hot Shots! Collection
478947.0,2,0,,1994,Psy Collection
19387.0,2,2,18.549371354711404,2008,The X-Files Collection
19262.0,2,0,,2007,Trapped in the Closet
8979.0,2,2,18.15151484861839,1993,Wayne's World Collection
1565.0,2,2,18.104541460931998,2007,28 Days/Weeks Later Collection
1617.0,2,1,15.321387223973298,2005,Erkan & Stefan Filmreihe
1952.0,2,2,15.02605877726835,2005,USA: Land of Opportunities Collection
2467.0,2,2,19.149901652588525,2003,Tomb Raider Collection
2883.0,2,2,18.92708269800073,2004,Kill Bill Collection
3106.0,2,2,17.378396188943277,2006,World of Watches Collection
3963.0,2,0,,2004,The Crimson Rivers Collection
4438.0,2,2,17.77980818118398,1984,The Space Odyssey Series
479888.0,2,2,16.972428619429152,2011,The Thing Collection
479692.0,2,0,,2016,Robert
8918.0,2,1,18.0586157713012,2007,The Hills Have Eyes (Reboot) Collection
9088.0,2,0,,2002,The Little Polar Bear Collection
19160.0,2,1,17.303218730232487,1998,FernGully Collection
9309.0,2,0,,1965,Winnetou Collection
9329.0,2,1,17.616079944648842,1990,Young Guns Collection
9435.0,2,2,18.702451039549167,1998,Babe Collection
9744.0,2,2,19.54923044887464,2007,Fantastic Four Collection
9818.0,2,2,18.18791733511228,1997,Mortal Kombat Collection
10789.0,2,2,17.260455967529573,1992,Pet Sematary Collection
12075.0,2,0,,2005,Elling Collection
14095.0,2,0,,1986,Barefoot Gen Collection
16302.0,2,1,17.034386382832476,2003,Battle Royale Collection
17235.0,2,2,18.653477074812237,2008,Hellboy Collection
17368.0,2,2,17.54405479070271,2008,The Sisterhood of the Traveling Pants Collection
476961.0,2,1,15.68484245546732,2017,Goon Collection
55422.0,2,2,18.40040042639138,2002,Peter Pan Collection
55427.0,2,2,18.281594968194696,1999,Fantasia Collection
87236.0,2,1,19.53359117196869,2004,Mulan Collection
86347.0,2,2,17.205639751479517,1988,Short Circuit Collection
476054.0,2,1,15.581074569228678,2003,The Hitcher (1986) Collection
86668.0,2,1,9.803501457660202,2010,Elektra Luxx Collection
86774.0,2,0,,2009,Che Collection
86780.0,2,2,19.39396895632455,2012,Clash of the Titans Collection
86797.0,2,0,,2008,Arn collection
87014.0,2,2,18.445227633872385,2010,Cats & Dogs Collection
87096.0,2,1,21.748577807169436,2020,Avatar Collection
87186.0,2,2,13.251828781531227,2009,The Boondock Saints Collection
87228.0,2,1,12.169491645267174,1989,Swamp Thing Collection
87232.0,2,0,,1979,The Apple Dumpling Gang Collection
87250.0,2,1,19.404432534687334,2006,Bambi Collection
86341.0,2,1,15.723443026695078,1999,Fortress Collection
87255.0,2,2,17.084103091246227,2011,Hoodwinked! Collection
87258.0,2,0,,2009,The Descent Collection
89137.0,2,2,20.123677106872655,2014,How to Train Your Dragon Collection
89151.0,2,2,18.19363331425273,1990,The Gremlins Collection
89264.0,2,2,18.332185199589777,1985,Romancing the Stone Collection
89272.0,2,1,16.843682092901773,1988,The Man From Snowy River Collection
90306.0,2,2,19.034502039596756,2011,Ghost Rider Collection
91427.0,2,2,17.533063248084595,2004,Agent Cody Banks Collection
91588.0,2,0,,2009,OSS 117 Collection
91660.0,2,1,18.1397223236728,2010,30 Days of Night Collection
91663.0,2,2,17.67835394422995,1982,Airplane Collection
476056.0,2,0,,1974,Fritz the Cat Collection
86336.0,2,2,18.575649325537064,2006,Basic Instinct Collection
56005.0,2,0,,2010,Dead Space Collection
85946.0,2,2,16.032166026002077,2009,District 13 Collection
57971.0,2,2,17.87801126571511,1990,The Rescuers Collection
59567.0,2,2,18.076945054785735,2003,Shanghai Noon Collection
63043.0,2,2,18.559575059847155,2010,TRON Collection
64748.0,2,2,18.08451239979099,2012,Silent Hill Collection
64751.0,2,2,17.46666494302322,2009,Crank Collection
476065.0,2,2,13.979849383916925,2006,What the Bleep! Collection
70764.0,2,0,,2011,Largo Winch Collection
72547.0,2,2,19.06356799947398,2012,Journey Collection
476063.0,2,0,,1985,Guinea Pig Collection
84785.0,2,0,,1998,La trilogie de la mort – Nacho Cerda
85945.0,2,1,17.25128455228605,2008,The Mesrine Collection
85960.0,2,0,,1994,My Girl Collection
86311.0,2,2,21.102637852983904,2015,The Avengers Collection
86028.0,2,2,18.651864370520663,2000,The Nutty Professor Collection
86029.0,2,2,19.382438240233697,2003,Charlie's Angels Collection
86058.0,2,2,18.158837381713475,2004,Dirty Dancing Collection
86083.0,2,2,17.776710561651264,1982,Grease Collection
86105.0,2,1,17.349680626203792,2002,American Psycho Collection
86112.0,2,1,17.37941179369127,2008,Vacancy Collection
86113.0,2,1,17.81678824562358,2006,Open Water Collection
86115.0,2,2,18.94354060357928,2006,Garfield Collection
86117.0,2,2,18.892748514015945,2011,Johnny English Collection
86224.0,2,1,18.586731513155172,1997,The Saint Collection
86307.0,2,2,17.6486107519998,1988,Cocoon Collection
125570.0,2,2,19.749637272831148,2014,300 Collection
119581.0,2,1,17.959084568808642,2010,Elite Squad Collection
126209.0,2,2,17.845263545108143,2009,Halloween (Rob Zombie Series) Collection
456980.0,2,0,,1952,The Paleface Collection
162028.0,2,0,,1993,Stakeout Collection
162782.0,2,1,16.272196729555457,2012,Mommies Collection
457550.0,2,0,,1945,Sugata Sanshirō Collection
163902.0,2,1,18.087512511094424,2013,RED Collection
164072.0,2,0,,1932,Baby Burlesks
164394.0,2,0,,2000,If These Walls Could Talk Collection
164395.0,2,1,13.919564220060852,2009,The Messengers Collection
457305.0,2,0,,1981,Man of Marble/Iron Collection
165369.0,2,2,17.14515406394801,2012,The Collector Collection
165679.0,2,0,,2004,Girl's on Top Collection
165778.0,2,1,16.0027767144146,2010,We Are From The Future Collection
166018.0,2,0,,1996,M.D. Geist Collection
463068.0,2,0,,2010,Täällä Pohjantähden alla (Timo Koivusalo)
166376.0,2,1,19.063657446898436,2006,Hollow Man Collection
166379.0,2,1,16.25490436728583,1999,Turbulence Collection
166698.0,2,0,,1976,Westworld Collection
166844.0,2,0,,2012,Sammy's Adventure Collection
167456.0,2,0,,1967,Our Man Flint Collection
167716.0,2,0,,1973,The Bill Douglas Trilogy
168182.0,2,2,18.16596945969811,1980,Philo & Clyde Collection
168618.0,2,0,,2006,The Moment After Collection
169740.0,2,1,18.166146262574944,2013,The Haunting in Connecticut Collection
455278.0,2,0,,2016,My Mom is a Character Collection
170452.0,2,1,18.437012462450824,2003,Timecop Collection
161373.0,2,0,,2012,Tai Chi Collection
161314.0,2,0,,1985,The Angel Collection
160792.0,2,0,,2012,Prudence et Bélisaire Beresford Collection
159616.0,2,2,16.161411053248887,2010,East is East Collection
462565.0,2,0,,2001,The Secret Garden Collection
149704.0,2,1,16.161424069771268,2008,Alone in the Dark Collection
150156.0,2,1,19.003085122525295,1994,City Slickers Collection
150954.0,2,0,,1985,My Friends Collection
150967.0,2,2,17.684855647130632,2012,Benvenuti al... Collection
461755.0,2,0,,2015,Napapiirin sankarit
151263.0,2,1,18.19211837482836,2008,WarGames Collection
152918.0,2,0,,1988,Mister Blot Collection
153010.0,2,1,19.74868516217705,1997,Beauty and the Beast Collection
460334.0,2,0,,1969,Bulldog Drummond (Richard Johnson) Collection
153948.0,2,1,15.687312734865866,1995,Best of the Best Collection
155093.0,2,0,,2010,Tom Thorne Collection
460292.0,2,0,,1958,The Lone Ranger (Clayton Moore) Collection
155421.0,2,0,,1986,Mr. Vampire Collection
155474.0,2,2,16.936470608257906,1975,French Connection Collection
459434.0,2,0,,1992,Sherlock Holmes: The Golden Years Collection
157504.0,2,0,,1975,Walking Tall Original Collection
157626.0,2,0,,2007,The Comedians Of Comedy Collection
158038.0,2,0,,1924,Die Nibelungen Collection
158373.0,2,0,,2010,The Lost Skeleton Collection
158643.0,2,0,,2011,Laid to Rest Collection
158814.0,2,0,,1970,Karlson Collection
159603.0,2,1,12.013700752882718,2008,Kidulthood Collection
170754.0,2,2,17.438156633048294,1988,Arthur Collection
171439.0,2,1,16.840981957306365,1991,F/X Collection
455123.0,2,0,,2015,Belle et Sébastien
187736.0,2,0,,1994,Leningrad Cowboys Collection
188197.0,2,1,16.004658159732166,2012,Cetto La Qualunque - Collezione
188458.0,2,0,,1996,Trilogy of Terror Collection
188577.0,2,0,,1963,Tognazzi & Vianello Collection
189157.0,2,0,,2012,Love in a... Collection
189159.0,2,0,,1987,Project A Collection
189295.0,2,0,,1920,The Spiders Serial
190135.0,2,0,,2001,Love Hina Collection
448468.0,2,0,,2006,Grey Gardens Collection
192541.0,2,0,,2004,The Twins Effect Collection
447622.0,2,0,,2013,Barbie Mariposa Collection
195071.0,2,0,,1973,Adventures of Mowgli
195441.0,2,1,18.579996049823492,2007,Dennis the Menace Collection
446792.0,2,0,,1973,The Bremen Town Musicians (Collection)
197476.0,2,0,,1979,Captain America 1979 Classic Collection
201061.0,2,0,,2008,War of the Worlds Collection
201260.0,2,0,,2013,Trilogy Marseillaise
201778.0,2,1,12.483480872303508,2009,Dorm Daze Collection
201873.0,2,1,16.775312188144927,2012,A Christmas Story Collection
201930.0,2,0,,1973,Blacula Collection
203029.0,2,0,,1990,Witchcraft Collection
203178.0,2,0,,2000,Jack Frost Collection
205145.0,2,0,,1988,Gor Collection
205459.0,2,0,,1983,Fearless Hyena Collection
448758.0,2,0,,2016,Burnout Collection
187734.0,2,0,,1993,La Classe Américaine & Cie
454520.0,2,1,16.65676804917546,2013,Captain Harlock Collection
187089.0,2,0,,1972,Emil i Lönneberga
173628.0,2,0,,1991,Nekromantik Collection
174386.0,2,1,17.609525379892162,2009,Into the Blue Collection
452942.0,2,0,,1989,Megazone 23 Collection
174995.0,2,0,,2007,Boys Love Collection
175722.0,2,0,,1939,The Gorky Collection
175858.0,2,0,,1993,Hidden Collection
176118.0,2,1,18.399647722631805,2007,The Are We Collection
177467.0,2,2,19.31950676451319,2013,Cloudy with a Chance of Meatballs Collection
177675.0,2,2,17.28330127811629,2013,The Last Exorcism Collection
178106.0,2,2,14.640717964642143,2009,Darko Collection
178117.0,2,1,18.947346371830516,2005,The Emperor's New Groove Collection
178654.0,2,1,17.364931373701744,1994,White Fang Collection
179892.0,2,2,18.151639405790796,2013,Kick-Ass Collection
179919.0,2,2,19.108064836724157,2013,Percy Jackson Collection
180019.0,2,0,,1984,V: The Collection
451539.0,2,0,,2016,The Bridge
180546.0,2,2,19.372025387131973,2013,Grown Ups Collection
181496.0,2,0,,1956,Davy Crockett Collection
449750.0,2,1,17.771039428308303,1975,Fanny Brice Collection
182813.0,2,2,16.03523815442746,2006,Clerks Collection
183256.0,2,0,,1999,Kiler Collection
185103.0,2,2,19.836088911388067,2015,Hotel Transylvania Collection
186102.0,2,1,15.38137038969273,1989,Eddie and the Cruisers Collection
148517.0,2,0,,1990,"Pagnol, Childhood's Memories"
159613.0,2,0,,2006,Election Collection
394316.0,2,0,,2007,Johnny Tsunami Collection
137913.0,2,0,,2011,The Hunters Collection
466318.0,2,1,17.464503699462746,2008,Bachelor Party Collection
135509.0,2,1,17.187382110244602,1990,The Last Picture Show Collection
137697.0,2,2,20.70659175602841,2016,Finding Nemo Collection
134063.0,2,0,,2004,Animation Runner Kuromi (OAV collection)
142021.0,2,0,,2011,Dhamaal Collection
137766.0,2,0,,1990,Zapped Collection
141649.0,2,0,,2012,Three Steps Above Heaven Collection
141615.0,2,1,16.64872390202049,2012,Niko - Coleccion
141448.0,2,0,,2011,Fuga de cerebros - Collection
467577.0,2,0,,2013,Evil Bong Collection
134011.0,2,2,19.08502468044752,1998,The Fugitive / U.S. Marshals Collection
141292.0,2,1,16.50102424209719,1998,The Secret Of NIMH Collection
466004.0,2,2,14.455141969030349,2017,A Few Best Men Collection
141252.0,2,0,,2000,Cardcaptor Sakura Collection
142182.0,2,0,,2011,Bananas!* Collection
141086.0,2,0,,2000,Heavy Metal Collection
141084.0,2,1,17.4553514895704,2009,Happily N'Ever After Collection
140758.0,2,0,,2007,Decoys Collection
140612.0,2,1,15.817190538177064,2011,Fullmetal Alchemist Collection
138163.0,2,0,,1999,Trylogia Sienkiewicza
132877.0,2,0,,2012,Painted Skin Collection
140059.0,2,0,,2012,We Were Here
133297.0,2,0,,2002,Ants in the Pants Collection
133830.0,2,0,,1985,Star Wars: The Ewok Adventures Collection
466894.0,2,0,,2017,Teen Titans Collection
466463.0,2,0,,2017,Descendants Collection
138974.0,2,0,,1990,The Sorority House Massacre Collection
138706.0,2,1,14.234086673289104,1989,The Stepfather Collection
142022.0,2,0,,2006,Hera Pheri Collection
136214.0,2,1,19.6621798642511,1998,Pocahontas Collection
130440.0,2,1,18.144545509436064,2009,The Pink Panther (Steve Martin) Collection
145494.0,2,0,,1961,The Gidget Collection
135179.0,2,2,18.18610446218176,2014,Sin City Collection
126221.0,2,0,,2003,George of the Jungle Collection
135416.0,2,2,19.539377392909746,2017,Prometheus Collection
147669.0,2,0,,2003,Das Sams Collection
135466.0,2,0,,2012,Grave Encounters Collection
135468.0,2,2,19.630780588972996,2013,G.I. Joe (Live-Action) Collection
463959.0,2,1,20.19867074094886,2012,Tangled Collection
148055.0,2,0,,2010,Camp Rock Collection
135498.0,2,2,16.843790825598486,1986,King Kong (1976 series)
135501.0,2,1,14.899319482171585,1992,976-EVIL Collection
146534.0,2,1,18.058722123087403,2009,Without a Paddle Collection
129407.0,2,0,,2007,John Pinette Collection
135495.0,2,1,16.11809565095832,1933,King Kong (1933 series)
138908.0,2,2,15.559284535084991,2012,2 Days In... Collection
134635.0,2,0,,2009,Santa Baby Collection
143302.0,2,0,,1982,Mobile Suit Gundam Collection
135502.0,2,1,12.380979279605642,1986,Allan Quatermain Collection
143757.0,2,1,16.86635047451999,2007,Stir of Echoes Collection
134633.0,2,0,,2008,Snow Collection
143588.0,2,2,17.86863050079747,2010,Why Did I Get Married Collection
143755.0,2,0,,1996,Henry: Portrait of a Serial Killer Collection
478244.0,1,0,,2016,Spirits' Homecoming Collection
478545.0,1,0,,2012,American Addict Collection
403603.0,1,0,,2001,La Tour Infernale
478442.0,1,0,,2001,Lammbock Collection
428046.0,1,1,17.359136410608592,2014,Viy Collection
449530.0,1,0,,2003,Mystery Woman
449462.0,1,1,16.732868339931525,2001,Super Troopers Collection
403001.0,1,0,,2013,Meu Passado me Condena
478328.0,1,0,,2014,The Houses October Built Collection
466388.0,1,0,,2015,Düğün Dernek Collection
401655.0,1,1,17.41282281855272,2007,Welcome Collection
403161.0,1,0,,2015,Miles Jupp Standup Collection
402074.0,1,1,19.35784730350769,2014,Annabelle Collection
471435.0,1,1,18.197537192638155,2015,Wolf Warriors Collection
470274.0,1,0,,1989,Killer Crocodile Collection
440769.0,1,0,,2015,Minions: 3 Mini-Movie Collection
441179.0,1,0,,2014,Chaar Sahibzaade Collection
400412.0,1,0,,2014,Northpole
401270.0,1,0,,1991,Lee Rock Collection
396839.0,1,0,,1986,Robotech (Samling)
425435.0,1,0,,2007,Flatland Collection
468222.0,1,1,20.26351679642114,2004,The Incredibles Collection
426761.0,1,0,,2013,Hentai Kamen Collection
444485.0,1,0,,2009,Death Note Relight
468551.0,1,0,,2017,Justice League Collection
479971.0,1,0,,2012,Sağ Salim Serisi
397341.0,1,0,,2011,Don't Go Breaking My Heart Collection
442195.0,1,0,,2013,All Hallow's Eve Collection
445049.0,1,0,,1968,Il medico della mutua Collection
395556.0,1,0,,2003,The August Underground Collection
442237.0,1,0,,1972,Mikogami Trilogy / Wanderer Jôkichi
480071.0,1,0,,2009,"Maria, ihm schmeckt's nicht!"
442338.0,1,0,,2014,"Rico, Oskar 1, 2 & 3"
444377.0,1,0,,1983,Il tassinaro
395466.0,1,0,,2010,Tere Bin Laden Collection
468552.0,1,1,20.52552251000142,2017,Wonder Woman Collection
444665.0,1,0,,1984,I due carabinieri Collecion
427084.0,1,1,20.59025766399003,2016,The Secret Life of Pets Collection
467457.0,1,0,,2014,Race Gurram collection
398740.0,1,0,,1955,Mister Roberts Collection
401119.0,1,0,,2016,Flower Shop Mystery Collection
441461.0,1,0,,2004,Regalo di Natale - Collezione
448150.0,1,1,20.478787533456888,2016,Deadpool Collection
400500.0,1,0,,1969,Чебурашка и крокодил Гена
444275.0,1,0,,1982,Eccezzziunale... veramente Collections
398758.0,1,0,,1994,Action Pack Bandit Films Collection
469613.0,1,1,14.29927161828731,1978,Los Leguineche - Colección
397848.0,1,0,,1993,Magic Kid Collection
445332.0,1,0,,1997,Takashi Miike's Black Society Trilogy
427397.0,1,1,12.611537753638338,2006,The Angrez Collection
468039.0,1,0,,2007,The Sally Lochhart Mysteries Collection
425280.0,1,0,,1988,Slime City Collection
397598.0,1,0,,2015,Arabian Nights
479549.0,1,0,,2013,Joséphine - Saga
427113.0,1,0,,2001,Little Bear
446015.0,1,0,,1983,Golgo 13 Collection
472917.0,1,0,,2016,In the Vineyard Collection
404770.0,1,0,,1998,Superman (DC Universe Animated) Collection
404136.0,1,0,,1943,Hopalong Cassidy films
473185.0,1,0,,2013,Dead in Tombstone Collection
474015.0,1,0,,2014,Mandıra Filozofu Serisi
474013.0,1,0,,2009,Kolpaçino Serisi
413937.0,1,0,,1938,Father Flanagan Collection
464308.0,1,0,,2014,The Nut Job Collection
458813.0,1,0,,1970,Salt and Pepper Collection
413731.0,1,0,,2006,Nitro Collection
421084.0,1,1,17.610119584626165,2001,Disneys Große Pause
475802.0,1,1,17.168045497300216,2004,Super Size Me Collection
425881.0,1,0,,1993,Thunder in Paradise Collection
458697.0,1,0,,1974,Macon County Collection
458558.0,1,1,20.228709869951327,2008,Mamma Mia! Collection
464374.0,1,0,,1969,Ur kärlekens språk
412736.0,1,0,,2010,Rare Exports Collection
421605.0,1,0,,1952,Heidi (Praesens-Film) Filmreihe
474012.0,1,0,,2015,Kocan Kadar Konuş Serisi
414000.0,1,0,,2010,Omae Umasou Da na
436295.0,1,1,18.819755564260785,2007,Surf's Up Collection
464270.0,1,0,,2007,The Man from Earth Collection
435259.0,1,1,20.51173254002989,2016,Fantastic Beasts Collection
462400.0,1,1,19.369516138277582,2008,Wanted - Collection
416942.0,1,0,,1999,Madeline
463394.0,1,1,17.313639803789584,2005,Always: Sunset on Third Street Collection
416468.0,1,1,20.09190025570506,2013,World War Z Collection
474022.0,1,0,,2013,Şevkat Yerimdar Serisi
417064.0,1,0,,2008,If You Are the One (Collection)
463398.0,1,0,,2012,Black & White Collection
464125.0,1,0,,2014,Dragon Nest Collection
417481.0,1,0,,2009,Father and Guns Collection
433140.0,1,0,,2016,Zipi y Zape - Colección
415799.0,1,0,,1940,East Side Kids
460357.0,1,0,,2002,Ada Apa Dengan Cinta? Collection
415699.0,1,0,,1993,Devasuram Collection
415695.0,1,0,,1990,Nadodikkattu Collection
433061.0,1,0,,2010,Fred Collection
473977.0,1,0,,2011,Çalgı Çengi Collection
437584.0,1,0,,2012,The Falls Collection
429232.0,1,0,,2013,Vai Que Dá Certo
429409.0,1,0,,2011,Force Collection
404825.0,1,1,19.970841765098108,2012,Wreck-It Ralph Collection
422837.0,1,1,17.316240043040494,1982,Blade Runner Collection
476066.0,1,0,,1990,Begotten Collection
439409.0,1,0,,1995,Fear Collection
423877.0,1,0,,1982,Turkish Star Wars
476071.0,1,0,,2012,The Devil's Carnival Collection
406817.0,1,0,,1987,Horror High Collection
452675.0,1,0,,1975,Cleopatra Jones
429231.0,1,0,,2001,Tainá
452146.0,1,0,,2014,Old Way Collection
404302.0,1,0,,2012,Cold War Collection
473502.0,1,0,,2003,NASU Collection
477050.0,1,0,,1998,Takashi Miike's Young Thugs series
429826.0,1,0,,1988,The Hobgoblin Collection
422834.0,1,1,20.068015349180737,2015,Ant-Man Collection
412300.0,1,0,,1978,Fontaine Khaled Collection
464784.0,1,0,,1952,The Water of the Hills
431791.0,1,0,,2016,Classmates Collection
437608.0,1,0,,2015,Papa ou Maman Collection
473971.0,1,1,19.30769151914394,2015,Daddy's Home Collection
437628.0,1,1,19.257429130950637,2005,Constantine Collection
464577.0,1,1,20.18742821825961,2013,The Croods Collection
473943.0,1,0,,1995,Gonin collection
473850.0,1,0,,2001,My Sassy Girl Collection
473845.0,1,0,,2014,Midnight Diner Collection
456778.0,1,1,17.598955710279412,2015,Max (Collection)
456734.0,1,0,,2001,The Prostitute Trilogy
438282.0,1,0,,2011,Cross Collection
456733.0,1,0,,1997,The 1997 Trilogy
456580.0,1,0,,1997,No Good Middle-Aged Yakuza Trilogy
456576.0,1,0,,2013,Journey to the West Collection
463112.0,1,0,,2016,Hailey Dean Mystery Collection
182371.0,1,0,,2002,Armitage III Collection
394204.0,1,0,,1982,The Snowman Collection
147207.0,1,0,,2001,Glass Tiger collection
174407.0,1,0,,1997,Warriors of Virtue Collection
173738.0,1,0,,1991,Fanthagirò Collection
172000.0,1,0,,1980,Vi hade i alla fall tur med vädret Collection
171586.0,1,0,,2003,PTU Collection
170416.0,1,1,15.376249072109596,1989,God of Gamblers Collection
169851.0,1,0,,2002,The ChubbChubbs Collection
169329.0,1,0,,1981,Göta kanal collection
168949.0,1,0,,2010,The Encounter Collection
167985.0,1,0,,1994,Richie Rich Collection
167552.0,1,0,,1978,Lemon Popsicle Collection
165855.0,1,0,,1997,Kleines Arschloch Collection
165131.0,1,0,,2011,Dreileben
163798.0,1,0,,2003,Gumball 3000 Collection
160952.0,1,0,,2005,Caméra Café
160727.0,1,1,18.139790527871376,2007,Stomp the Yard Collection
160468.0,1,0,,1988,The Frogtown Collection
160401.0,1,0,,2008,Ninjas vs. Collection
159340.0,1,0,,2000,Bang Rajan Collection
156240.0,1,0,,1993,The Heroic Trio Collection
155408.0,1,0,,1998,Young And Dangerous Collection
153636.0,1,0,,1987,Flower and Snake Collection
153629.0,1,0,,2004,Flower & Snake Collection
151149.0,1,0,,2013,My Sisters Kids Collection
149191.0,1,0,,1973,Lady Snowblood Collection
148614.0,1,0,,2004,Kim Possible Collection
148603.0,1,0,,2011,Ducobu Collection
148315.0,1,0,,1997,Pekko aikamiespoika Collection
148065.0,1,1,18.23508773779857,2014,Doraemon Collection
147765.0,1,0,,2009,The Dog Who Saved Christmas Collection
179042.0,1,0,,1999,Anja & Viktor Collection
180142.0,1,0,,1964,Kenji Misumi's Trilogy of the Sword
180498.0,1,0,,1991,Krummerne (Samling)
205029.0,1,0,,2012,The Reef Collection
220441.0,1,0,,2004,Art of the Devil Collection
218104.0,1,0,,1989,Snake Eater Collection
216435.0,1,0,,2011,All for ...
215293.0,1,0,,1980,The Under-Gifted Collection
214702.0,1,0,,1992,Mi Nismo Anđeli Collection
213697.0,1,0,,2002,Sex is Zero Collection
212525.0,1,0,,1970,Trinità  Collection
207415.0,1,0,,1994,Fatal Fury Collection
206921.0,1,0,,2005,Star Wreck Collection
206857.0,1,0,,2010,Romantik Komedi [Seri]
206786.0,1,0,,1980,Goopy Bagha Trilogy
205860.0,1,0,,1996,The Black Mask Collection
205672.0,1,1,13.503198304306576,1980,Encounters of the Spooky Kind Collection
201932.0,1,0,,1972,The Nigger Charley Collection
182617.0,1,1,15.537610326281191,1988,Elvira Collection
201689.0,1,0,,2005,Karas The Collection
201545.0,1,0,,1970,Chinese Boxer Collection
200641.0,1,0,,1965,Red Lotus Collection
198921.0,1,0,,1981,Алиса в стране чудес (Коллекция)
198697.0,1,0,,2011,Immaturi Collection
197065.0,1,0,,2000,DMB Collection
195646.0,1,0,,1979,Galaxy Express 999 Collection
192974.0,1,0,,2008,White Crane Chronicles
192175.0,1,0,,1991,Fight Back to School Collection
192167.0,1,0,,1993,The Bride with White Hair Collection
188133.0,1,0,,1973,Les Charlots - Saga
185627.0,1,0,,2012,Umizaru Collection
183680.0,1,0,,1965,OSS 117 The Original Saga
147220.0,1,0,,2008,Valami Amerika gyűjtemény
146532.0,1,0,,2009,The Storm Riders Collection
227147.0,1,0,,1992,Tokyo Decadence series
144146.0,1,0,,1965,Lemmy Caution Collection
107471.0,1,0,,2001,Yamakasi - Collection
106368.0,1,0,,1970,Quando le donne avevano la coda
104774.0,1,0,,1987,Tomtar och Trolltyg Collection
104202.0,1,0,,2008,Mr. Bones Collection
98077.0,1,0,,1981,Der Bockerer Collection
97462.0,1,0,,2011,Macross Frontier Collection
93788.0,1,0,,2009,Prep & Landing Collection
91813.0,1,0,,1964,Angelique Collection
86414.0,1,0,,1943,Boston Blackie Series
86346.0,1,0,,1996,Sabrina the Teenage Witch Collection
75014.0,1,0,,1970,How I Unleashed World War II
68589.0,1,0,,2007,The Wixxer Trilogy
65906.0,1,0,,1968,Mods Collection
59009.0,1,0,,1954,08/15 Collection
53154.0,1,0,,2002,Inuyasha Collection
48802.0,1,0,,1927,I Love a Mystery movie series
47629.0,1,0,,1987,Mr. Boogedy Collection
44917.0,1,0,,1992,Swordsman Collection
39244.0,1,0,,2000,Digimon Collection
33878.0,1,0,,2006,Destricted
32153.0,1,0,,2006,Fallen Collection
26863.0,1,0,,1975,Caprinos Eventyrlige Verden
20725.0,1,0,,2002,Raaz Collection
12141.0,1,1,14.534552555007084,1985,3 Men (Original) Collection
11140.0,1,0,,1960,Dr. Mabuse Collection
8412.0,1,0,,2000,Anatomy Collection
5202.0,1,0,,1989,Wild Orchid Collection
3292.0,1,1,10.158129770909708,2003,Tulse Luper
2643.0,1,0,,1989,Aces Go Places Collection
107546.0,1,0,,1978,Puff Collection
109044.0,1,0,,1997,Shadow Warriors
110041.0,1,0,,2007,Naked Fear Collection
128123.0,1,0,,2011,Dark Rising Collection
142686.0,1,0,,1985,Зимняя Вишня (трилогия)
141748.0,1,0,,2007,Robot Chicken: Star Wars Collection
139450.0,1,0,,1995,Memories Collection
139394.0,1,0,,2011,Tomie Collection
137804.0,1,0,,2006,Никто не знает про секс - Коллекция
135508.0,1,0,,1950,Allan Quatermain (1950 series)
135014.0,1,0,,2011,Åsa-Nisse Collection
133923.0,1,0,,1979,Zombi Collection
133887.0,1,0,,2000,Apocalypse Collection
133676.0,1,0,,2009,Knerten Collection
132203.0,1,0,,1994,Alan Davies Collection
131992.0,1,0,,2010,Eyyvah Eyvah Collection
129626.0,1,0,,2004,The Pub Landlord Collection
126220.0,1,1,13.602458416660012,1988,The Waxwork Collection
112369.0,1,0,,2005,Kung Fu Mahjong Collection
123751.0,1,0,,1964,Blood Island (Hammer series)
122938.0,1,0,,1993,Ring of Fire Collection
122780.0,1,0,,2007,Параграф 78 - Дилогия
122778.0,1,0,,1936,Wodehouse P.G. Collection
121067.0,1,0,,1989,Bloodfist Collection
120927.0,1,0,,2001,McDull Collection
119240.0,1,0,,1968,The Joys of Torture Series
119237.0,1,0,,1968,Legends of the Poisonous Seductress
118474.0,1,0,,2008,Truth in 24 Collection
117354.0,1,0,,1997,Shin Chan Collection
114916.0,1,0,,1984,Сказки Чуковского
113635.0,1,0,,1966,The Modesty Blaise Collection
112860.0,1,0,,2008,Kati Collection
224976.0,1,1,17.218374150725424,1989,Road House Collection
228335.0,1,0,,2010,Rakht Charitra
393744.0,1,0,,2013,Горько! (Коллекция)
324909.0,1,0,,2015,LasseMaja: Samling
363918.0,1,0,,2015,Aurélie Laflamme Collection
363369.0,1,1,19.82580398882619,2013,Pacific Rim Collection
363066.0,1,0,,1987,Erotic Ghost Story Collection
362878.0,1,0,,2013,Yamla Pagla Deewana
362554.0,1,0,,2009,Ex Collection
361140.0,1,0,,1992,House of Angels Collection
360346.0,1,0,,1966,Tarzan (Mike Henry series)
360112.0,1,0,,2014,He Who Dares Collection
354164.0,1,0,,1984,Lamù Collection
353792.0,1,0,,2013,Garage Sale Mystery Collection
353721.0,1,0,,2004,You Got Served Collection
353708.0,1,0,,2007,Kill Buljo Collection
351886.0,1,1,16.684898918396126,1997,The Postman Collection
350402.0,1,0,,1998,Barney Collection
349336.0,1,0,,1986,Macskafogó gyűjtemény
345865.0,1,0,,2000,Emmanuelle 2000 Collections (USA)
343944.0,1,1,16.08763644347361,2010,Singam Collection
342577.0,1,1,14.330093115607973,2012,Till Luck Do Us Part Collection
342009.0,1,0,,1966,Die Nibelungen Filmreihe
340633.0,1,0,,2013,Eberhofer Krimi Collection
338313.0,1,0,,2015,Argo Collection
337957.0,1,1,12.310432660854415,2013,ABCD Collection
334563.0,1,0,,1974,The Sister Street Fighter Collection
334414.0,1,0,,2013,Ostwind Filmreihe
333398.0,1,0,,2000,Cabin By The Lake Collection
333000.0,1,0,,2010,Santa's Apprentice
330892.0,1,0,,2002,Sides of the Bed
330524.0,1,0,,1980,Six Swedes Collection
329220.0,1,0,,1976,Adventures of a ...
367092.0,1,0,,2011,Tada's Do-It-All Collection
372479.0,1,0,,1997,Les Boys
374418.0,1,0,,1995,The Mangler Collection
385650.0,1,0,,1975,The Spiritual Boxer Collection
393126.0,1,0,,2011,Letters to Santa Collection
392206.0,1,0,,2014,The Monkey King Collection
391860.0,1,1,19.84222531639753,2015,Kingsman Collection
391739.0,1,1,17.346363945129387,2012,Cirque du Soleil Collection
391040.0,1,0,,1974,Gone in 60 Seconds Trilogy
390774.0,1,0,,2015,The Krays Collection
386491.0,1,0,,2012,The Adventures of Mickey Matson Collection
385863.0,1,1,15.826580106800687,2013,F.C. De Kampioenen Collectie
385721.0,1,0,,1983,Zu Warriors Collection
385720.0,1,0,,2004,Zebraman Collection
385717.0,1,0,,2012,Thermae Romae Collection
385712.0,1,0,,1984,The South Shaolin Master Collection
385709.0,1,0,,2013,Tales From The Dark Collection
385250.0,1,0,,1975,Black Magic Collection
374436.0,1,0,,1972,Waldemar Daninsky Collection
384040.0,1,0,,1973,The Six Million Dollar Man Collection
382402.0,1,0,,2015,Assassination Classroom Collection
381396.0,1,0,,1999,Bats Collection
380160.0,1,0,,2015,Die Kirche bleibt im Dorf Collection
380006.0,1,0,,1962,Mondo Cane Collection
379920.0,1,0,,1987,Deadly Prey Collection
379897.0,1,0,,2012,Hayride Collection
377491.0,1,0,,2013,Les Profs
376863.0,1,1,15.91678012541571,2006,This is England Collection
376567.0,1,0,,1985,I pompieri - Collezione
376527.0,1,0,,2013,Richard the Lionheart Collection
376128.0,1,0,,1993,Beck - Historien om ett brott
374663.0,1,0,,2009,Mrs. Miracle Collection
326795.0,1,0,,2008,Freche Mädchen Filmreihe
324475.0,1,0,,2012,Mann Filmreihe
240156.0,1,0,,1967,Sami Swoi Collection
324458.0,1,0,,2012,The Mark Collection
282117.0,1,0,,2008,Skeleton Key Collection
281882.0,1,0,,2005,Public Enemy Series
279445.0,1,0,,1990,China O'Brien Collection
277798.0,1,0,,2004,Isi/Disi Collection
277630.0,1,0,,1994,CyberTracker Collection
273099.0,1,0,,2013,Olsen Banden (Samling)
272416.0,1,0,,2004,Lauras Stern
270156.0,1,0,,1977,The Sweeney Collection
268014.0,1,0,,1999,The Big Bottom Box
267551.0,1,0,,1974,Aniskin Collection
267308.0,1,0,,2005,Hot Wheels: AcceleRacers - Collection
265782.0,1,0,,2005,The Desert Collection
265709.0,1,0,,1994,00 Schneider Filmreihe
261240.0,1,0,,1998,U Pana Boga Collection
260520.0,1,0,,2010,Kathleen Madigan Collection
259411.0,1,0,,2005,Sex Up Filmreihe
259308.0,1,0,,2012,I soliti idioti Collection
258664.0,1,1,14.616240932202125,2013,Nymphomaniac Collection
258506.0,1,0,,2013,Short Peace
257378.0,1,0,,1991,Fast Getaway Collection
256746.0,1,0,,2011,Vampire Boys Collection
256548.0,1,0,,2005,Father of Four Collection
256374.0,1,0,,1974,Zero Woman Collection
252338.0,1,0,,2012,The Four Collection
247294.0,1,1,16.828628520763537,1995,Showgirls Collection
246207.0,1,0,,2006,Gunbuster Collection
245321.0,1,0,,2006,K3 Collectie
244500.0,1,1,15.226497531674536,2012,Gangs of Wasseypur Collection
242765.0,1,0,,1985,In the Line of Duty Collection
282971.0,1,1,16.588099280204055,2013,Aashiqui Collection
283775.0,1,0,,1973,Zanna Bianca Collection
284024.0,1,0,,1980,The Exterminator Collection
297923.0,1,1,19.41391073524395,2013,We're the Millers Collection
322650.0,1,0,,1993,Detonator Collection
318037.0,1,0,,1991,Martial Law Collection
317299.0,1,0,,1969,Puss 'n Boots Collection
315750.0,1,1,16.64250921905574,1982,They Call Me Bruce Collection
315609.0,1,0,,2006,Mörderischer Norden
314917.0,1,0,,1974,Flesh Gordon Collection
313234.0,1,0,,2011,Warriors of the Rainbow: The Seediq Bale Saga
312882.0,1,0,,1981,Pierino - Serie ufficiale
308153.0,1,0,,1973,The Cheerleaders - Collection
305360.0,1,0,,1991,Lucky Luke (Terence Hill) Collection
301508.0,1,0,,2012,Sadako 3D Collection
300546.0,1,1,14.604479605576111,1994,Once were Warriors Collection
298187.0,1,0,,2007,Lezioni di Cioccolato Collection
297501.0,1,0,,2012,Dixie Zombi - Colección
284346.0,1,0,,2006,Nana Collection
297142.0,1,0,,2012,White Collar Hooligan Collection
296429.0,1,0,,1978,I Spit on Your Grave (Original) Collection
295852.0,1,0,,1992,Extralarge Collection
289763.0,1,0,,1984,Long Arm of the Law Collection
288882.0,1,0,,1989,Bloodfight
287684.0,1,0,,2000,Schule Collection
286936.0,1,0,,2012,Cyborg 009 Collection
286177.0,1,0,,2007,Footsoldier Collection
285879.0,1,0,,2007,Seed Collection
285428.0,1,0,,1973,The Cutlass Collection
285249.0,1,0,,1999,Hard Time Collection
285130.0,1,0,,2005,2001 Maniacs Collection
284700.0,1,0,,1955,Ivan Brovkin Collection
480160.0,1,0,,2015,All of My Heart Collection
